timestamp_p,height,x_speed,y_speed,z_speed,pitch,roll,yaw,temperature,distance,barometer,flight_time,battery,mp_distance_x,mp_distance_y,mp_distance_z,class,class_raw
22615.81999,70,0,0,0,0,0,0,62,84,13966,9,84,-15,-16,87,dos,DoS
22616.34984,60,0,0,0,0,-1,0,61,83,13959,9,84,-16,-19,86,dos,DoS
22616.88042,60,0,0,0,0,-1,0,61,83,13956,10,84,-17,-21,85,dos,DoS
22617.41126,60,0,0,0,-1,0,0,62,83,13969,10,84,-16,-20,85,dos,DoS
22617.94091,60,0,0,0,-1,0,0,62,82,13962,11,84,-14,-21,85,dos,DoS
22618.46103,60,0,-1,0,-2,-3,0,62,83,13966,11,84,-19,-22,84,dos,DoS
22618.98076,60,0,-1,0,0,-1,0,62,81,13959,12,84,-11,-17,84,dos,DoS
22619.49795,60,0,-1,0,0,-1,0,62,81,13955,12,84,-10,-11,84,dos,DoS
22620.02408,60,0,-1,0,-1,-1,0,62,81,13956,13,84,-6,-8,84,dos,DoS
22620.5412,60,0,-1,0,0,0,0,62,81,13952,13,84,-4,-6,84,dos,DoS
22621.07111,60,0,0,0,-2,0,0,62,80,13952,14,84,-5,-5,83,dos,DoS
22621.60074,60,0,-1,0,0,0,0,62,80,13953,14,84,-4,-4,83,dos,DoS
22622.11405,60,0,0,0,0,0,0,62,82,13963,15,84,-4,-6,84,dos,DoS
22622.62569,60,0,0,0,0,-1,0,62,83,13962,15,84,-7,-9,86,dos,DoS
22623.13533,60,0,0,0,0,-1,0,62,83,13968,16,84,-8,-12,87,dos,DoS
22623.68388,60,0,0,0,0,-1,0,62,83,13960,16,84,-9,-17,86,dos,DoS
22624.21081,60,3,0,0,-8,0,0,62,83,13956,17,84,-9,-22,85,dos,DoS
22624.7125,60,2,0,0,0,0,0,63,83,13959,17,84,17,-25,88,dos,DoS
22625.22954,60,2,0,0,-1,-1,0,63,82,13965,18,84,17,-25,88,dos,DoS
22625.74781,60,2,0,0,-1,-1,0,63,82,13955,18,84,29,-20,95,dos,DoS
22626.27875,60,2,-1,0,-1,-1,0,63,81,13961,19,84,36,18,82,dos,DoS
22626.79757,60,1,-1,0,1,-2,0,63,80,13955,20,84,26,18,80,dos,DoS
22627.31477,60,0,0,0,0,0,0,63,80,13957,20,84,20,12,81,dos,DoS
22627.83287,60,1,0,0,-4,-2,0,63,80,13952,21,84,22,15,80,dos,DoS
22628.35054,60,1,0,0,0,0,0,63,80,13963,21,84,8,9,82,dos,DoS
22628.88194,60,1,0,0,0,0,0,63,79,13956,22,84,0,8,82,dos,DoS
22629.41311,60,0,0,0,0,-1,0,63,80,13968,22,84,0,5,82,dos,DoS
22629.94175,60,0,0,0,0,0,0,63,79,13963,23,84,0,5,82,dos,DoS
22630.45736,60,0,0,0,0,0,0,63,80,13966,23,84,0,6,82,dos,DoS
22630.97648,60,0,0,0,-8,0,0,63,80,13965,24,84,0,9,82,dos,DoS
22631.50362,60,3,0,0,1,0,0,64,79,13958,24,84,-14,15,81,dos,DoS
22632.01587,60,2,0,0,-1,0,0,64,80,13966,25,84,-38,21,78,dos,DoS
22632.54146,60,2,0,0,-1,-1,0,63,79,13962,25,84,-36,-2,82,dos,DoS
22633.07153,60,2,-1,0,-1,-1,0,63,79,13955,26,84,-26,-2,79,dos,DoS
22633.60267,60,1,0,0,2,3,0,63,79,13966,26,84,-14,0,80,dos,DoS
22634.11431,60,0,0,0,-1,0,0,63,79,13958,27,84,-8,0,80,dos,DoS
22634.64291,60,0,0,0,0,0,0,64,79,13966,27,84,-5,-2,81,dos,DoS
22635.16851,60,0,0,0,0,0,0,64,79,13963,28,84,-3,-6,81,dos,DoS
22635.69871,60,0,0,0,0,-1,0,63,80,13966,28,84,-2,-10,81,dos,DoS
22636.22742,60,4,0,0,-5,0,0,63,81,13961,29,84,1,-14,82,dos,DoS
22636.77533,60,2,0,0,-1,-1,0,63,81,13960,30,84,27,-24,81,dos,DoS
22637.30355,60,2,0,0,-1,-1,0,63,81,13965,30,84,29,-28,85,dos,DoS
22637.83209,60,2,0,0,-1,-1,0,64,81,13963,31,84,38,-42,80,dos,DoS
22638.34967,60,2,-1,0,0,0,0,64,81,13965,31,84,-28,-7,85,dos,DoS
22638.88057,60,0,0,0,0,0,0,64,81,13968,32,84,-17,-6,85,dos,DoS
22639.4371,60,1,0,0,0,0,0,64,81,13965,32,84,-14,-14,84,dos,DoS
22639.96632,60,1,0,0,0,-1,0,64,81,13969,32,84,-6,-13,84,dos,DoS
22640.48666,60,1,0,0,0,-1,0,64,81,13969,32,84,-6,-13,84,dos,DoS
22641.00557,60,1,0,0,0,-1,0,64,81,13969,32,84,-6,-13,84,dos,DoS
22641.52518,60,1,0,0,0,-1,0,64,81,13969,32,84,-6,-13,84,dos,DoS
22642.05234,60,0,0,0,0,0,0,64,80,13972,35,84,4,-10,82,dos,DoS
22642.58244,60,0,0,0,0,-1,0,64,81,13975,35,84,5,-14,83,dos,DoS
22643.11503,60,0,0,0,0,0,0,64,82,13966,36,84,9,-17,82,dos,DoS
22643.64162,60,0,0,0,0,0,0,64,82,13971,36,84,9,-18,83,dos,DoS
22644.18428,60,0,0,0,0,0,0,64,82,13972,37,84,8,-19,84,dos,DoS
22644.71556,60,0,0,0,0,0,0,64,82,13974,37,84,4,-20,84,dos,DoS
22645.24715,60,0,0,0,0,0,0,64,83,13976,38,84,9,-20,84,dos,DoS
22645.7787,60,0,0,0,0,0,0,64,82,13969,39,84,9,-20,83,dos,DoS
22646.32205,60,0,-1,0,0,-2,0,64,82,13966,39,84,9,-21,83,dos,DoS
22646.84828,60,0,-1,0,0,0,0,64,81,13972,40,84,6,-14,84,dos,DoS
22647.37614,60,0,-1,0,-1,0,0,64,81,13969,40,84,4,-8,83,dos,DoS
22647.90423,60,0,0,0,0,0,0,64,80,13972,41,84,3,-5,82,dos,DoS
22648.42073,60,0,0,0,0,0,1,64,79,13972,41,84,4,-5,81,dos,DoS
22648.94653,60,0,0,0,0,0,45,64,80,13978,42,84,9,-11,82,dos,DoS
22649.47215,60,0,0,0,0,0,75,64,81,13974,42,84,18,-17,80,dos,DoS
22649.97864,60,0,0,0,0,0,106,65,80,13977,43,84,17,-23,80,dos,DoS
22650.50464,60,0,0,0,0,0,136,65,79,13974,43,84,27,-27,73,dos,DoS
22651.0236,60,0,0,0,0,1,167,65,79,13972,44,84,15,-31,77,dos,DoS
22651.53768,60,0,0,0,0,0,176,65,80,13981,44,84,10,-27,79,dos,DoS
22652.06563,60,0,0,0,0,0,178,63,81,13977,45,84,9,-20,82,dos,DoS
22652.59522,60,0,0,0,0,0,178,63,82,13981,45,84,8,-17,83,dos,DoS
22653.12534,60,0,0,0,0,0,178,64,81,13977,46,84,7,-15,83,dos,DoS
22653.63797,60,-4,0,0,-6,0,178,64,82,13978,46,84,5,-15,82,dos,DoS
22654.14718,60,-2,0,0,0,0,178,64,80,13978,47,84,-11,-8,83,dos,DoS
22654.67782,60,-2,0,0,0,0,178,64,80,13975,47,84,-25,-3,82,dos,DoS
22655.20697,60,-2,0,0,-1,0,178,65,79,13986,48,84,-39,1,83,dos,DoS
22655.76399,60,-2,0,0,0,1,178,65,78,13978,49,84,-14,-9,98,dos,DoS
22656.29359,60,0,0,0,1,-4,178,65,77,13974,49,84,-14,-9,98,dos,DoS
22656.82023,60,0,0,0,0,0,178,65,76,13972,50,84,-14,-9,98,dos,DoS
22657.35134,60,0,0,0,0,0,178,65,77,13972,50,84,-14,-9,98,dos,DoS
22657.88071,60,0,0,0,0,0,178,65,77,13972,50,84,-14,-9,98,dos,DoS
22658.38875,60,1,0,0,-1,0,178,65,79,13978,51,84,-42,17,80,dos,DoS
22658.91833,60,0,0,0,0,0,178,65,79,13972,52,84,-39,21,78,dos,DoS
22659.44393,60,0,0,0,0,-1,178,65,80,13977,52,84,-32,33,77,dos,DoS
22659.9835,60,-3,0,0,-8,0,178,65,80,13977,53,84,-40,31,76,dos,DoS
22660.49467,60,-2,0,0,0,0,178,65,79,13969,53,84,15,-6,96,dos,DoS
22661.00659,60,-2,0,0,-1,0,178,65,79,13974,54,84,19,14,88,dos,DoS
22661.53421,60,-2,0,0,-1,-2,178,65,78,13969,54,84,14,23,82,dos,DoS
22662.07678,60,-2,1,0,0,-1,178,64,77,13966,55,84,-5,25,79,dos,DoS
22662.59768,60,0,2,0,2,0,178,64,75,13974,55,84,-18,22,75,dos,DoS
22663.12188,60,0,0,0,0,0,178,65,76,13971,56,84,-19,20,75,dos,DoS
22663.64236,60,1,1,0,0,0,178,65,78,13965,56,84,-19,21,75,dos,DoS
22664.16847,60,1,1,0,0,-1,178,66,79,13972,57,83,-8,11,80,dos,DoS
22664.6891,60,0,1,0,-1,-1,178,66,79,13972,57,83,-3,8,81,dos,DoS
22665.24609,60,0,1,0,0,-1,178,65,77,13966,58,83,-2,4,80,dos,DoS
22665.75748,60,0,1,0,0,-1,178,65,78,13969,58,83,-8,2,79,dos,DoS
22666.30589,60,0,0,0,0,0,178,65,80,13968,59,83,-3,2,81,dos,DoS
22666.83205,60,0,0,0,0,-1,178,65,80,13972,60,83,-3,2,82,dos,DoS
22667.35204,60,0,0,0,-3,0,178,65,81,13962,60,83,-6,6,82,dos,DoS
22667.87798,60,-4,0,0,0,-1,178,66,79,13962,61,83,-12,10,81,dos,DoS
22668.40058,60,-2,0,0,0,0,178,66,77,13962,61,83,-33,19,76,dos,DoS
22668.91991,60,-2,0,0,-1,-1,178,66,77,13969,62,83,-45,23,76,dos,DoS
22669.43546,60,-2,0,0,-1,-1,178,66,77,13965,62,83,-45,23,76,dos,DoS
22669.96161,60,-2,0,0,-1,-1,178,66,77,13965,62,83,-45,23,76,dos,DoS
22670.48923,60,0,0,0,0,0,178,66,79,13966,63,83,-12,3,81,dos,DoS
22671.0104,60,-1,0,0,0,0,178,66,79,13971,64,82,-12,2,81,dos,DoS
22671.53457,60,0,0,0,1,0,178,66,80,13974,64,82,-5,3,82,dos,DoS
22672.04337,60,0,0,0,0,0,-147,65,79,13966,65,82,-3,1,82,dos,DoS
22672.55141,60,0,0,0,0,0,-125,65,79,13969,65,82,-3,-5,81,dos,DoS
22673.06356,60,0,0,0,0,0,-97,66,79,13968,66,82,-1,-5,81,dos,DoS
22673.56609,60,0,0,0,0,0,-68,66,80,13966,66,82,1,-2,82,dos,DoS
22674.08969,60,0,0,0,0,0,-34,66,80,13982,67,82,0,-6,83,dos,DoS
22674.61529,60,0,0,0,0,0,-12,66,80,13969,67,82,0,-13,81,dos,DoS
22675.1339,60,0,0,0,0,1,-6,67,78,13980,68,82,-2,-10,82,dos,DoS
22675.70155,60,0,0,0,0,0,-3,67,79,13979,68,82,-4,-11,82,dos,DoS
22676.22601,60,0,0,0,0,0,-3,66,79,13975,69,82,-200,-200,-200,dos,DoS
22676.74014,60,0,0,0,0,1,-3,66,78,13974,69,82,-200,-200,-200,dos,DoS
22677.25128,50,0,0,4,0,0,-3,66,62,13969,70,81,-200,-200,-200,dos,DoS
22677.7783,20,0,0,4,0,0,-3,66,38,13947,70,81,-200,-200,-200,dos,DoS
22678.3073,0,0,0,4,0,0,-3,66,12,13894,71,81,-200,-200,-200,dos,DoS
22678.8299,-10,-1,0,0,0,0,-3,66,10,13634,72,81,-200,-200,-200,dos,DoS
22679.33756,-10,-1,0,0,0,0,-3,66,10,13780,72,81,-200,-200,-200,dos,DoS
22757.32016,70,1,0,0,0,0,0,66,83,13982,9,74,-26,-8,83,dos,DoS
22757.841,70,0,0,0,0,0,0,65,83,13974,10,74,-26,-7,83,dos,DoS
22758.3537,70,0,0,0,0,0,0,65,83,13966,10,74,-27,-9,82,dos,DoS
22758.88439,70,0,0,0,-1,0,0,65,82,13976,11,74,-30,-10,81,dos,DoS
22759.42706,70,1,0,0,0,0,0,65,83,13969,11,74,-31,-9,81,dos,DoS
22759.95696,70,1,0,0,-3,-1,0,66,82,13963,12,74,-32,-11,80,dos,DoS
22760.47508,70,2,0,0,0,0,0,66,81,13966,12,74,-22,-7,82,dos,DoS
22760.97564,60,1,0,0,0,0,0,65,80,13966,13,74,-13,-5,82,dos,DoS
22761.50524,70,1,0,0,-1,0,0,65,81,13972,13,74,-12,-4,82,dos,DoS
22762.01989,70,1,0,0,-1,0,0,65,81,13976,14,74,-11,-5,82,dos,DoS
22762.56898,60,1,0,0,0,1,0,65,79,13971,14,74,-6,-4,82,dos,DoS
22763.09856,60,0,0,0,-1,-2,0,65,79,13968,15,74,-9,-5,81,dos,DoS
22763.63264,60,1,0,0,-1,0,0,66,79,13974,15,74,-8,-6,82,dos,DoS
22764.16123,60,1,0,0,1,2,0,66,79,13972,16,74,-6,-3,82,dos,DoS
22764.67685,60,0,0,0,0,0,0,65,79,13974,17,74,-7,-5,82,dos,DoS
22765.19399,60,0,0,0,-1,0,0,65,80,13966,17,74,-12,-6,82,dos,DoS
22765.71211,70,0,0,0,-2,0,0,66,81,13968,18,74,-22,-14,81,dos,DoS
22766.24668,70,0,0,0,-2,-1,0,66,80,13965,18,74,-22,-17,82,dos,DoS
22766.76231,60,4,0,0,-7,0,0,66,80,13960,19,74,-26,-20,79,dos,DoS
22767.2796,60,2,0,0,-1,0,0,66,79,13966,19,74,-6,-17,83,dos,DoS
22767.79539,60,2,0,0,-1,0,0,66,80,13963,20,74,6,-21,84,dos,DoS
22768.32597,70,2,0,0,-2,0,0,66,81,13966,20,74,12,-21,87,dos,DoS
22768.85528,70,2,0,0,-2,0,0,66,81,13966,21,74,20,-25,87,dos,DoS
22769.40281,70,2,0,0,-2,-1,0,66,82,13963,21,74,29,-17,91,dos,DoS
22769.93689,70,2,0,0,-2,0,0,66,83,13962,22,74,28,-18,93,dos,DoS
22770.46757,70,1,0,0,0,0,0,66,82,13959,22,74,47,-8,82,dos,DoS
22770.98291,70,0,0,0,-1,0,0,66,82,13959,23,74,41,12,83,dos,DoS
22771.51349,70,3,0,0,-2,0,0,66,83,13962,23,74,41,6,82,dos,DoS
22772.02164,70,2,0,0,-1,0,0,66,82,13960,24,74,32,13,80,dos,DoS
22772.53937,70,1,0,0,0,0,0,66,81,13966,24,74,16,10,82,dos,DoS
22773.07096,60,1,0,0,-1,0,0,66,80,13960,25,74,9,9,82,dos,DoS
22773.59205,60,1,0,0,-1,0,0,66,80,13956,26,74,6,8,82,dos,DoS
22774.1391,60,0,0,0,0,1,0,66,80,13957,26,74,3,7,82,dos,DoS
22774.6692,60,0,0,0,-1,0,0,66,81,13957,27,74,6,7,82,dos,DoS
22775.19781,70,0,0,0,-1,0,0,66,81,13962,27,74,7,8,83,dos,DoS
22775.71553,70,3,0,0,-8,0,0,66,83,13962,28,74,12,14,82,dos,DoS
22776.24586,70,2,0,0,-1,0,0,66,82,13958,28,74,-9,16,83,dos,DoS
22776.77548,70,2,0,0,-1,0,0,65,82,13957,29,74,-26,25,78,dos,DoS
22777.30557,70,2,0,0,-2,0,0,65,82,13961,29,74,-33,26,79,dos,DoS
22777.8366,70,2,0,0,-2,0,0,66,82,13959,30,74,-43,24,80,dos,DoS
22778.35222,70,2,0,0,-1,-1,0,66,82,13955,30,74,-51,49,64,dos,DoS
22778.85442,70,1,-1,0,-1,0,0,66,82,13955,31,74,-34,0,83,dos,DoS
22779.397,70,0,0,0,-1,0,0,66,82,13957,31,74,-33,-3,81,dos,DoS
22779.92774,70,2,0,0,-2,0,0,66,82,13953,32,74,-29,-4,84,dos,DoS
22780.45783,70,1,0,0,-1,-2,0,66,82,13957,32,74,-19,-10,83,dos,DoS
22780.97515,60,1,0,0,-1,-1,0,66,80,13957,33,74,-10,-11,82,dos,DoS
22781.50573,60,1,-1,0,-1,-1,0,66,80,13954,33,74,-7,-12,82,dos,DoS
22782.01191,60,0,-1,0,-1,-1,0,66,80,13954,34,74,-3,-7,82,dos,DoS
22782.557,60,0,0,0,0,1,0,66,79,13955,34,74,-3,-5,81,dos,DoS
22783.08811,60,0,0,0,-1,0,0,66,80,13962,35,74,-5,-7,82,dos,DoS
22783.61717,60,0,0,0,-1,0,0,66,81,13965,35,74,-7,-10,83,dos,DoS
22784.13542,70,4,0,0,0,0,0,67,83,13962,36,74,-2,-15,84,dos,DoS
22784.65603,70,2,0,0,-1,0,0,67,82,13962,37,74,13,-22,82,dos,DoS
22785.17265,70,2,0,0,-2,0,0,65,82,13969,37,74,21,-25,81,dos,DoS
22785.70273,70,2,0,0,-2,-1,0,65,81,13962,38,74,25,-32,81,dos,DoS
22786.21937,70,2,0,0,-2,-1,0,66,82,13961,38,74,39,-28,81,dos,DoS
22786.74577,70,2,-1,0,-1,-1,0,66,81,13960,39,74,36,-32,86,dos,DoS
22787.26606,70,1,-1,0,-2,-1,0,66,81,13958,39,74,-46,-6,86,dos,DoS
22787.79512,70,1,-1,0,-2,-1,0,66,81,13958,39,74,-46,-6,86,dos,DoS
22788.32273,60,0,0,0,-1,-1,0,66,80,13962,40,74,-35,-3,84,dos,DoS
22788.85055,60,0,0,0,-2,-1,0,66,79,13963,41,74,-40,-7,85,dos,DoS
22789.37914,60,0,0,0,-1,0,0,66,79,13968,41,74,-52,-5,77,dos,DoS
22789.89781,60,0,0,0,-1,-1,0,66,79,13966,42,74,-50,-9,79,dos,DoS
22790.41551,60,0,0,0,-1,0,0,66,79,13962,42,74,-41,-11,84,dos,DoS
22790.93283,60,1,0,0,-8,0,0,66,80,13966,43,74,-47,-8,80,dos,DoS
22791.49131,60,2,0,0,-1,0,0,66,80,13962,43,74,-15,-25,82,dos,DoS
22792.00701,70,2,0,0,-1,-1,0,66,80,13961,44,74,5,-30,82,dos,DoS
22792.52063,70,2,0,0,-1,-1,0,66,80,13960,44,74,19,-35,77,dos,DoS
22793.06867,60,2,0,0,-1,-2,0,66,80,13960,45,74,19,-35,77,dos,DoS
22793.58517,70,1,-1,0,2,-2,0,66,80,13969,45,74,19,-35,77,dos,DoS
22794.12969,60,0,0,0,0,0,0,66,80,13965,46,74,36,-39,76,dos,DoS
22794.65361,70,-3,-2,0,1,-4,0,66,80,13969,47,74,44,-36,71,dos,DoS
22795.21481,70,-1,-2,0,-1,0,0,66,79,13972,47,74,21,-25,78,dos,DoS
22795.77483,60,-1,-1,0,-1,0,0,66,78,13969,48,74,5,-11,80,dos,DoS
22796.29993,60,0,-1,0,0,-1,0,66,77,13966,48,74,7,-6,79,dos,DoS
22796.8176,60,0,-1,0,0,-1,0,66,77,13963,49,74,0,-1,79,dos,DoS
22797.33522,60,0,0,0,0,0,8,66,78,13965,49,73,0,-1,80,dos,DoS
22797.86609,60,0,0,0,0,0,8,66,78,13965,49,73,0,-1,80,dos,DoS
22798.39458,60,0,0,0,0,0,68,66,78,13962,50,73,0,-5,81,dos,DoS
22798.93115,60,0,0,0,0,0,74,66,78,13969,50,73,0,-13,80,dos,DoS
22799.46217,60,0,0,0,0,0,74,66,78,13969,50,73,0,-13,80,dos,DoS
22799.97822,60,0,0,0,0,0,74,66,78,13969,50,73,0,-13,80,dos,DoS
22800.50995,60,0,0,0,0,0,177,66,78,13972,52,73,-3,-14,81,dos,DoS
22801.03358,60,0,0,0,0,0,178,67,79,13974,53,73,-3,-14,81,dos,DoS
22801.56114,60,0,0,0,0,0,178,67,79,13969,53,73,-1,-12,82,dos,DoS
22802.09322,60,0,0,0,-8,0,178,66,81,13969,54,73,-3,-9,82,dos,DoS
22802.64607,60,-3,0,0,0,0,178,66,78,13972,55,72,-15,-4,82,dos,DoS
22803.17266,60,-2,0,0,0,0,178,67,78,13969,55,72,-36,3,81,dos,DoS
22803.70127,60,-2,0,0,0,0,178,67,77,13977,56,72,-49,2,75,dos,DoS
22804.21802,60,-2,0,0,0,0,178,66,78,13972,56,72,-49,2,75,dos,DoS
22804.73763,60,-2,0,0,0,0,178,66,78,13972,56,72,-49,2,75,dos,DoS
22805.25303,60,0,0,0,0,0,178,66,76,13976,57,72,13,-14,78,dos,DoS
22805.77221,60,0,-1,0,-1,1,178,66,78,13977,58,72,14,-14,77,dos,DoS
22806.29182,60,-1,0,0,0,0,178,67,78,13985,58,72,4,-6,80,dos,DoS
22806.80345,60,0,0,0,1,0,178,67,77,13981,59,72,0,0,80,dos,DoS
22807.31906,60,0,0,0,0,0,178,66,76,13976,59,72,4,0,79,dos,DoS
22807.8297,60,0,0,0,-1,0,178,66,77,13978,60,72,-3,4,78,dos,DoS
22808.33538,60,-4,0,0,-1,0,178,67,78,13981,60,72,3,2,79,dos,DoS
22808.87018,60,-2,0,0,0,0,178,67,78,13972,61,72,-13,2,80,dos,DoS
22809.39528,60,-2,0,0,0,0,178,66,79,13972,61,71,-28,12,76,dos,DoS
22809.92274,60,-2,0,0,0,0,178,66,77,13978,62,71,-39,12,78,dos,DoS
22810.44935,60,-2,0,0,0,1,178,66,77,13974,62,71,-49,1,71,dos,DoS
22810.97694,60,0,0,0,1,-3,178,66,76,13969,63,71,-31,11,75,dos,DoS
22811.49108,60,0,0,0,0,0,178,66,76,13963,63,71,-31,10,75,dos,DoS
22812.01418,60,-1,0,0,-7,2,178,66,77,13969,64,71,-32,10,75,dos,DoS
22812.53729,60,-2,0,0,0,0,178,66,77,13962,64,71,-20,1,78,dos,DoS
22813.06587,60,-2,0,0,0,0,178,66,77,13962,64,71,-20,1,78,dos,DoS
22813.58063,60,0,0,0,0,0,178,67,77,13965,65,71,-1,-5,79,dos,DoS
22814.09108,60,0,0,0,0,0,178,66,75,13966,66,71,0,-7,78,dos,DoS
22814.60171,60,0,0,0,0,0,178,66,75,13963,66,71,-2,-9,78,dos,DoS
22815.12232,60,0,0,0,-1,0,178,67,76,13966,67,71,-4,-12,78,dos,DoS
22815.64746,60,0,0,0,0,-1,178,67,78,13974,68,71,-6,-14,80,dos,DoS
22816.17605,60,0,0,0,0,0,178,67,79,13965,68,71,-5,-13,81,dos,DoS
22816.70553,60,0,0,0,0,0,178,67,79,13958,69,70,-4,-13,81,dos,DoS
22817.23314,70,0,0,0,0,0,178,67,81,13966,69,70,-1,-11,83,dos,DoS
22817.7643,70,0,0,0,0,0,178,67,80,13963,70,70,-1,-9,83,dos,DoS
22818.2889,70,0,0,0,0,0,178,67,80,13960,70,70,0,-9,82,dos,DoS
22818.80889,70,0,0,0,0,0,178,67,80,13963,71,70,-1,-7,82,dos,DoS
22819.33251,70,0,1,0,0,0,178,67,80,13957,71,70,-1,-8,82,dos,DoS
22819.86064,70,0,0,0,0,0,178,67,80,13955,72,70,0,-4,82,dos,DoS
22820.38284,70,0,0,0,0,0,178,66,80,13955,72,70,-1,-1,82,dos,DoS
22820.90744,70,-1,0,0,-8,0,178,66,82,13955,73,70,1,-3,82,dos,DoS
22821.43007,70,-3,0,0,0,0,178,67,79,13953,73,69,14,-5,80,dos,DoS
22821.97493,70,-2,0,0,-1,0,178,67,80,13955,74,69,39,-6,77,dos,DoS
22822.49754,70,-2,0,0,-1,0,178,67,80,13959,74,69,50,-5,81,dos,DoS
22823.02279,70,-2,0,0,0,0,178,67,79,13956,75,69,31,-4,82,dos,DoS
22823.53339,60,0,0,0,1,0,178,68,78,13954,75,69,15,-5,81,dos,DoS
22824.03597,60,-1,0,0,-3,0,178,68,79,13961,76,69,18,-10,79,dos,DoS
22824.55956,70,-1,0,0,0,0,178,68,80,13955,76,69,4,-2,83,dos,DoS
22825.08117,70,0,0,0,0,0,179,68,80,13950,77,69,1,-2,83,dos,DoS
22825.60229,70,0,0,0,0,0,-150,67,80,13958,77,69,5,-4,82,dos,DoS
22826.12589,70,0,0,0,-1,0,-118,67,81,13955,78,69,1,0,83,dos,DoS
22826.67991,70,0,0,0,0,-1,-83,67,81,13956,79,69,6,-4,83,dos,DoS
22827.20934,70,0,0,0,0,0,-48,67,81,13949,79,69,6,-2,82,dos,DoS
22827.75689,70,0,0,0,0,0,-14,67,80,13956,80,68,5,0,82,dos,DoS
22828.27999,70,0,0,0,0,0,-3,68,80,13960,80,68,2,2,82,dos,DoS
22828.83004,70,0,0,0,0,0,0,68,80,13966,81,68,-200,-200,-200,dos,DoS
22829.34443,70,0,0,0,0,0,3,67,80,13963,81,68,-200,-200,-200,dos,DoS
22829.88014,50,0,0,4,0,0,3,67,63,13941,82,68,-200,-200,-200,dos,DoS
22830.39931,30,0,0,4,0,0,2,67,43,13931,82,68,-200,-200,-200,dos,DoS
22830.92392,0,0,0,4,0,0,2,67,13,13826,83,68,-200,-200,-200,dos,DoS
22882.73025,80,0,0,0,-1,0,0,67,83,13925,7,62,-13,-11,84,dos,DoS
22883.25391,80,0,0,0,-1,0,0,67,82,13928,7,62,-17,-12,84,dos,DoS
22883.76656,80,0,0,0,-1,0,0,66,82,13938,8,62,-19,-12,84,dos,DoS
22884.27018,80,0,0,0,-4,-1,0,66,83,13933,8,62,-22,-16,83,dos,DoS
22884.78541,80,1,-1,0,-1,0,0,66,83,13940,9,62,-18,-12,84,dos,DoS
22885.32143,80,1,0,0,0,0,0,66,82,13940,9,62,-13,-7,85,dos,DoS
22885.88045,80,1,0,0,-1,0,0,67,81,13933,10,62,-9,-5,84,dos,DoS
22886.41065,80,0,0,0,-1,-2,0,67,81,13937,10,62,-7,-3,84,dos,DoS
22886.9271,70,0,0,0,1,1,0,66,79,13930,11,62,-7,-4,83,dos,DoS
22887.44372,80,0,0,0,-1,0,0,66,81,13934,11,62,-6,-6,83,dos,DoS
22887.96141,80,0,0,0,-1,0,0,66,82,13936,12,62,-13,-10,84,dos,DoS
22888.48993,80,0,0,0,-1,0,0,66,82,13937,12,62,-19,-15,84,dos,DoS
22888.9936,80,0,0,0,-1,0,0,66,83,13932,13,62,-25,-19,83,dos,DoS
22889.52321,80,4,0,0,-3,0,0,66,82,13926,13,62,-23,-23,81,dos,DoS
22890.05335,80,2,0,0,-1,0,0,67,81,13932,14,62,-3,-19,85,dos,DoS
22890.56999,80,2,0,0,-2,0,0,67,81,13922,14,62,3,-22,86,dos,DoS
22891.08563,80,2,0,0,-2,0,0,67,81,13933,15,62,7,-17,89,dos,DoS
22891.60381,80,2,0,0,-2,0,0,67,80,13926,16,62,11,-43,77,dos,DoS
22892.11545,80,2,0,0,-2,0,0,66,80,13918,16,62,14,-28,87,dos,DoS
22892.6465,80,2,0,0,-2,0,0,66,81,13922,17,62,14,-28,87,dos,DoS
22893.17498,80,1,0,0,-2,-1,0,66,81,13922,17,62,21,-23,91,dos,DoS
22893.69498,80,1,0,0,-2,-1,0,66,81,13918,18,62,31,-19,90,dos,DoS
22894.2106,80,1,-1,0,-2,-1,0,67,81,13922,18,62,42,-28,83,dos,DoS
22894.72473,80,1,0,0,1,0,0,67,80,13926,19,62,45,-16,87,dos,DoS
22895.2712,80,0,-1,0,-4,2,0,67,81,13932,19,62,65,-15,69,dos,DoS
22895.7958,80,1,0,0,2,-1,0,67,80,13931,20,62,54,-29,75,dos,DoS
22896.3568,80,-3,-2,0,0,-1,0,67,82,13926,20,62,32,-17,91,dos,DoS
22896.88893,80,-1,-1,0,-1,0,0,67,82,13934,21,62,9,-16,86,dos,DoS
22897.41353,80,0,-1,0,-2,0,0,67,83,13933,21,62,0,-7,86,dos,DoS
22897.93514,70,0,-1,0,0,0,0,66,83,13931,22,62,-7,-6,86,dos,DoS
22898.45253,70,0,0,0,-1,-1,0,66,82,13936,22,62,-8,-7,85,dos,DoS
22899.01303,70,0,-1,0,0,0,0,67,80,13931,23,62,-6,-6,83,dos,DoS
22899.53814,70,0,0,0,0,0,0,67,80,13929,23,62,-4,-4,83,dos,DoS
22900.06876,70,0,0,0,0,0,0,67,79,13933,24,62,-4,-7,83,dos,DoS
22900.60034,70,0,0,0,0,0,0,67,81,13935,24,62,-4,-15,82,dos,DoS
22901.12593,80,0,0,-1,0,0,0,67,89,13936,25,62,-5,-14,90,dos,DoS
22901.64342,90,0,0,-1,0,0,0,67,100,13949,26,62,-8,-12,102,dos,DoS
22902.16557,100,0,0,-1,0,0,0,66,109,13962,26,62,-10,-10,111,dos,DoS
22902.68969,110,0,0,0,-1,-1,0,66,113,13956,27,62,-5,-17,115,dos,DoS
22903.22119,100,0,0,1,0,0,0,66,110,13963,27,62,-7,-17,116,dos,DoS
22903.74927,100,0,0,2,-1,-1,0,66,101,13950,28,62,-13,-19,107,dos,DoS
22904.25964,90,0,0,1,0,-1,0,66,90,13934,28,62,-12,-23,94,dos,DoS
22904.78622,80,0,0,1,0,0,0,66,84,13938,29,62,-9,-23,89,dos,DoS
22905.30284,80,0,0,0,-1,-1,0,67,80,13927,29,62,-7,-24,84,dos,DoS
22905.8308,70,0,-1,0,0,-2,0,67,80,13928,30,62,0,-36,77,dos,DoS
22906.35996,80,0,-1,0,0,-1,0,67,80,13934,30,62,-4,-19,83,dos,DoS
22906.88456,70,0,-1,0,0,-1,0,67,80,13926,31,62,-5,-13,82,dos,DoS
22907.41015,70,0,-1,0,-2,0,0,67,78,13933,31,62,-3,-8,81,dos,DoS
22907.94127,70,0,-1,0,-1,0,0,67,78,13926,32,62,-4,-6,80,dos,DoS
22908.4529,70,0,0,0,0,1,0,67,77,13931,32,62,-1,-4,80,dos,DoS
22908.98997,70,4,0,0,0,0,0,67,77,13929,33,62,4,-8,81,dos,DoS
22909.5201,70,2,0,0,-1,-1,0,67,79,13928,33,62,26,-16,84,dos,DoS
22910.04969,70,2,0,0,-1,-1,0,67,79,13928,34,62,33,-14,87,dos,DoS
22910.56933,70,2,0,0,-1,-1,0,67,79,13931,34,62,33,-2,87,dos,DoS
22911.11474,70,2,-1,0,-1,-1,0,66,77,13921,35,62,36,8,75,dos,DoS
22911.63435,70,1,-1,0,0,-2,0,66,76,13930,35,62,26,5,76,dos,DoS
22912.16296,70,0,0,0,0,0,0,67,76,13933,36,62,22,-2,76,dos,DoS
22912.70875,70,1,0,0,-1,0,0,67,78,13926,37,62,19,4,78,dos,DoS
22913.23865,80,1,0,0,-1,-3,0,67,80,13930,37,62,9,8,81,dos,DoS
22913.76946,80,0,0,0,0,-1,0,67,79,13934,38,62,2,7,82,dos,DoS
22914.29721,80,0,0,0,0,-1,0,67,80,13936,38,62,1,6,82,dos,DoS
22914.82628,80,0,0,0,0,0,0,67,80,13935,39,62,2,5,82,dos,DoS
22915.36095,80,0,0,0,-1,0,0,66,80,13930,39,62,4,7,82,dos,DoS
22915.89249,70,1,0,0,-8,0,0,66,80,13932,40,62,4,10,81,dos,DoS
22916.41145,70,3,0,0,0,0,0,66,78,13927,40,62,-10,16,80,dos,DoS
22916.97422,80,2,0,0,-1,0,0,66,79,13928,41,62,-30,22,76,dos,DoS
22917.49092,80,2,0,0,-1,0,0,67,79,13924,41,62,-40,21,80,dos,DoS
22918.00388,70,2,0,0,-1,0,0,67,79,13930,42,62,-54,-1,69,dos,DoS
22918.51677,80,2,0,0,-1,1,0,67,79,13922,42,62,-31,0,79,dos,DoS
22919.04635,80,0,0,0,0,0,0,67,79,13933,43,62,-20,0,80,dos,DoS
22919.60037,80,1,0,0,-2,0,0,67,80,13932,43,62,-23,0,79,dos,DoS
22920.13107,80,1,0,0,-1,0,0,67,80,13937,44,62,-10,-4,82,dos,DoS
22920.71901,70,1,0,0,0,-1,0,67,80,13930,45,61,-5,-5,81,dos,DoS
22921.2488,70,0,0,0,0,0,0,66,79,13933,45,61,-4,-6,81,dos,DoS
22921.80895,70,0,0,0,0,0,26,66,80,13932,46,61,-4,-5,81,dos,DoS
22922.32337,80,0,0,0,0,-1,62,67,80,13936,46,61,-4,-6,82,dos,DoS
22922.833,80,0,0,0,0,0,92,67,79,13938,47,61,-4,-8,82,dos,DoS
22923.36124,70,0,0,0,0,0,122,67,80,13938,47,61,-4,-9,82,dos,DoS
22923.87886,80,0,0,0,0,0,153,67,81,13943,48,61,-4,-13,82,dos,DoS
22924.4035,80,0,0,0,0,0,173,66,80,13944,48,61,-5,-16,82,dos,DoS
22924.92062,70,0,0,0,0,0,178,66,79,13938,49,61,-8,-19,80,dos,DoS
22925.42926,70,0,0,0,0,0,178,67,78,13941,49,61,-8,-17,80,dos,DoS
22925.96882,70,0,0,0,0,0,178,67,77,13950,50,61,-8,-15,79,dos,DoS
22926.48638,70,-4,0,0,-1,0,178,67,78,13944,50,60,-15,-14,79,dos,DoS
22927.00299,70,-2,0,0,0,0,178,67,78,13941,51,60,-32,-12,79,dos,DoS
22927.53348,70,-2,0,0,0,0,178,67,77,13941,51,60,-54,-13,74,dos,DoS
22928.06067,70,-2,0,0,0,0,178,67,76,13940,52,60,-54,-13,74,dos,DoS
22928.57733,70,-2,0,0,0,0,178,67,76,13944,52,60,-11,24,82,dos,DoS
22929.10583,70,0,0,0,0,0,178,67,77,13938,53,60,-11,32,77,dos,DoS
22929.62603,70,0,-2,0,0,2,178,67,78,13953,53,60,-11,31,78,dos,DoS
22930.15063,80,0,-2,0,0,0,178,67,78,13949,54,60,0,17,80,dos,DoS
22930.70915,70,0,-1,0,0,0,178,67,78,13947,55,60,1,5,80,dos,DoS
22931.23775,70,0,0,0,0,0,178,67,78,13947,55,60,1,3,80,dos,DoS
22931.76612,70,0,0,0,0,0,178,67,78,13947,55,60,1,3,80,dos,DoS
22932.29612,80,0,0,0,0,0,178,67,78,13944,56,60,-1,6,81,dos,DoS
22932.82017,70,-4,0,0,0,0,178,67,78,13947,57,60,7,5,80,dos,DoS
22933.34148,80,-2,0,0,0,0,178,66,79,13944,57,60,30,6,77,dos,DoS
22933.87006,70,-2,0,0,-1,0,178,66,78,13950,58,60,42,6,75,dos,DoS
22934.39699,70,-2,0,0,-1,0,178,67,77,13950,58,60,33,-4,89,dos,DoS
22934.9111,70,-2,0,0,0,0,178,67,77,13941,59,59,28,-15,82,dos,DoS
22935.42074,70,0,0,0,1,0,178,67,76,13949,59,59,18,-17,80,dos,DoS
22935.93491,70,0,0,0,-4,3,178,67,78,13943,60,59,19,-17,80,dos,DoS
22936.46566,80,-1,-1,0,0,0,178,67,79,13943,60,59,17,-17,80,dos,DoS
22936.98128,80,-1,-1,0,0,0,178,67,79,13943,60,59,17,-17,80,dos,DoS
22937.50787,80,0,0,0,1,0,178,67,78,13944,61,59,0,-1,82,dos,DoS
22938.03905,70,0,0,0,0,0,178,67,78,13946,62,59,3,-3,81,dos,DoS
22938.56814,70,0,0,0,0,0,178,67,80,13940,62,59,0,-2,82,dos,DoS
22939.08427,80,0,0,0,-1,0,178,67,81,13943,63,59,2,-1,84,dos,DoS
22939.61537,80,0,0,0,0,0,178,67,81,13936,63,59,2,-1,85,dos,DoS
22940.19091,80,0,0,0,0,0,178,67,82,13934,64,59,5,-1,85,dos,DoS
22940.71705,80,0,0,0,0,0,178,66,82,13940,65,59,4,-2,85,dos,DoS
22941.24364,80,0,0,0,0,0,178,66,81,13943,65,59,4,-1,85,dos,DoS
22941.77084,80,0,0,0,0,0,178,66,81,13943,65,59,4,-1,85,dos,DoS
22942.29945,80,0,0,0,0,0,178,67,80,13930,66,58,1,-2,83,dos,DoS
22942.82855,80,0,0,0,0,0,178,67,80,13938,66,58,1,-1,83,dos,DoS
22943.35913,80,0,0,0,0,0,178,67,81,13940,67,58,0,0,83,dos,DoS
22943.88772,80,0,0,0,0,0,178,67,80,13940,68,58,0,-1,83,dos,DoS
22944.42847,80,0,0,0,0,0,178,66,81,13935,68,58,0,-1,83,dos,DoS
22944.9605,80,0,0,0,0,0,178,66,80,13941,69,58,0,-1,84,dos,DoS
22945.49023,80,0,0,0,0,0,178,67,81,13936,69,58,0,-3,84,dos,DoS
22946.0293,80,0,0,0,0,0,178,67,81,13933,70,58,0,-2,84,dos,DoS
22946.56718,80,0,0,0,0,0,178,67,80,13938,70,57,0,-1,83,dos,DoS
22947.10966,80,0,0,0,0,0,178,67,80,13941,71,57,-1,-2,83,dos,DoS
22947.61681,80,0,0,0,-1,0,178,67,81,13938,72,57,-2,-2,83,dos,DoS
22948.20399,80,0,0,0,0,0,178,67,82,13938,72,57,-1,-1,84,dos,DoS
22948.73133,80,0,0,0,0,0,178,67,82,13941,72,57,-2,0,85,dos,DoS
22949.25973,80,0,0,0,0,0,178,67,81,13941,73,57,-3,-2,84,dos,DoS
22949.76609,80,0,0,0,0,0,178,67,80,13944,74,57,-2,-2,82,dos,DoS
22950.2964,80,0,0,0,0,0,178,67,80,13944,74,57,-2,-2,82,dos,DoS
22950.85462,80,0,0,0,0,0,178,67,80,13941,75,57,-2,-1,83,dos,DoS
22951.37997,80,0,0,0,0,0,178,67,81,13938,75,57,-1,-1,84,dos,DoS
22951.89674,80,0,0,0,0,0,178,67,81,13929,76,57,-2,-3,83,dos,DoS
22952.41809,80,0,0,0,0,0,178,67,81,13934,76,57,-1,0,83,dos,DoS
22952.96114,80,0,0,0,0,0,178,67,81,13932,77,57,-1,0,83,dos,DoS
22953.46822,80,0,0,0,0,0,178,67,81,13935,77,57,-2,-1,83,dos,DoS
22953.99095,80,0,0,0,0,0,178,67,79,13931,78,57,-1,-2,82,dos,DoS
22954.50557,80,0,0,0,-1,0,178,67,79,13934,78,57,-2,-2,82,dos,DoS
22955.03041,70,0,0,0,0,0,178,67,78,13931,79,57,0,0,81,dos,DoS
22955.55499,80,0,0,0,0,0,178,67,79,13934,79,56,0,-1,82,dos,DoS
22956.07988,70,0,0,0,0,0,178,67,78,13932,80,56,-2,-2,81,dos,DoS
22956.64556,70,0,0,0,0,0,178,67,78,13932,80,56,1,-3,80,dos,DoS
23019.03257,80,0,0,0,0,0,1,67,83,13929,7,47,-16,-8,84,dos,DoS
23019.55084,80,0,0,0,0,0,1,67,83,13930,8,47,-16,-8,85,dos,DoS
23020.06898,80,0,0,0,0,0,0,67,83,13929,8,47,-13,-8,85,dos,DoS
23020.59557,80,0,0,0,-1,0,0,67,84,13932,9,47,-17,-8,85,dos,DoS
23021.09826,80,0,0,0,-1,0,0,67,84,13935,9,47,-20,-10,85,dos,DoS
23021.6149,80,0,0,0,-1,0,0,67,83,13928,10,47,-22,-10,84,dos,DoS
23022.15944,80,0,0,0,-1,0,0,67,82,13935,10,47,-24,-12,83,dos,DoS
23022.68899,80,1,-1,0,-3,-1,0,67,83,13926,11,47,-28,-15,80,dos,DoS
23023.21758,80,1,0,0,-1,0,0,67,81,13930,11,47,-15,-7,83,dos,DoS
23023.73722,80,1,0,0,-1,0,0,67,80,13934,12,47,-12,-6,82,dos,DoS
23024.25486,80,0,0,0,-1,0,0,67,80,13921,12,47,-12,-7,81,dos,DoS
23024.78472,80,1,0,0,-1,0,1,67,80,13924,13,47,-6,-7,82,dos,DoS
23025.31377,80,1,0,0,-1,0,0,67,79,13932,13,47,-7,-3,81,dos,DoS
23025.83111,80,0,0,0,0,0,0,67,79,13934,14,47,-5,-6,81,dos,DoS
23026.36248,80,0,0,0,-1,0,0,67,79,13925,15,47,-9,-8,81,dos,DoS
23026.87882,80,0,0,0,-1,0,0,67,81,13932,15,47,-7,-9,83,dos,DoS
23027.40871,80,0,0,0,-1,-1,0,67,82,13931,16,47,-17,-14,83,dos,DoS
23027.96718,80,0,0,0,-1,0,0,67,82,13931,16,47,-21,-18,82,dos,DoS
23028.4953,80,0,0,0,-1,0,0,67,82,13934,17,47,-21,-17,83,dos,DoS
23029.00485,80,1,0,0,-9,0,0,66,82,13935,17,47,-20,-16,83,dos,DoS
23029.53344,80,3,0,0,0,0,0,66,82,13930,18,47,-12,-18,84,dos,DoS
23030.0614,80,2,0,0,-1,-1,0,67,83,13929,18,47,5,-23,88,dos,DoS
23030.57849,80,2,0,0,-2,-1,0,67,83,13934,19,47,12,-5,93,dos,DoS
23031.09112,80,2,0,0,-2,-1,0,67,83,13938,19,47,26,-40,80,dos,DoS
23031.60964,80,2,0,0,-2,-1,0,67,83,13924,20,47,26,-40,80,dos,DoS
23032.12778,80,2,0,0,-2,-1,0,67,84,13926,20,47,30,-27,94,dos,DoS
23032.6424,80,2,-1,0,-1,-1,0,67,83,13930,21,47,8,6,102,dos,DoS
23033.16102,80,1,0,0,3,1,0,67,82,13931,21,47,43,9,84,dos,DoS
23033.68661,80,0,0,0,-2,0,0,67,83,13930,22,47,42,12,83,dos,DoS
23034.20024,80,3,0,0,-1,-1,0,67,83,13919,22,47,36,15,84,dos,DoS
23034.71178,80,2,-1,0,0,0,0,67,81,13919,23,47,17,15,81,dos,DoS
23035.2254,80,1,0,0,0,0,0,67,80,13924,23,47,7,11,82,dos,DoS
23035.75499,80,1,-1,0,0,0,0,67,79,13922,24,47,3,8,82,dos,DoS
23036.28656,80,0,0,0,-1,0,0,67,80,13924,24,47,3,8,81,dos,DoS
23036.81522,80,0,0,0,0,0,0,67,79,13929,25,47,5,7,81,dos,DoS
23037.35138,80,0,0,0,-1,0,0,67,80,13931,26,47,4,10,82,dos,DoS
23037.88093,80,0,0,0,-5,0,0,67,81,13929,26,47,10,14,82,dos,DoS
23038.39403,80,4,0,0,0,0,0,67,81,13926,27,47,2,20,82,dos,DoS
23038.92509,80,2,0,0,-1,-1,0,67,82,13933,27,47,-16,26,82,dos,DoS
23039.4437,80,2,0,0,-2,-1,0,67,83,13935,28,47,-27,31,81,dos,DoS
23039.97527,80,2,0,0,-1,-1,0,67,83,13930,28,47,-33,42,76,dos,DoS
23040.49232,80,2,0,0,-1,-1,0,67,82,13926,29,47,-42,46,73,dos,DoS
23041.02293,80,2,-1,0,-1,-1,0,67,81,13926,29,47,-39,-7,84,dos,DoS
23041.53806,80,1,-1,0,-1,3,0,67,80,13919,30,47,-31,-5,81,dos,DoS
23042.0947,80,0,0,0,-1,0,0,66,77,13926,30,47,-26,-7,79,dos,DoS
23042.62115,80,2,0,0,-1,0,0,66,78,13916,31,47,-25,-9,78,dos,DoS
23043.13677,80,1,0,0,0,0,0,67,79,13919,31,47,-12,-9,80,dos,DoS
23043.66692,80,1,0,0,-1,-1,0,67,79,13924,32,47,-4,-7,81,dos,DoS
23044.19351,80,0,0,0,0,-1,0,67,79,13927,32,47,-3,-7,81,dos,DoS
23044.72406,80,0,0,0,0,1,0,67,79,13934,33,47,-4,-5,81,dos,DoS
23045.23949,80,0,0,0,-1,0,0,67,80,13932,33,47,-5,-6,82,dos,DoS
23045.7564,80,0,0,0,-1,0,0,67,80,13929,34,47,-6,-10,82,dos,DoS
23046.28498,80,4,0,0,-5,-1,0,67,80,13927,34,47,-6,-17,81,dos,DoS
23046.79768,80,2,0,0,-1,0,0,67,79,13928,35,47,10,-22,80,dos,DoS
23047.34116,80,2,0,0,-1,0,0,67,78,13926,36,47,23,-31,77,dos,DoS
23047.87023,80,2,0,0,-2,-1,0,67,79,13927,36,47,28,-33,77,dos,DoS
23048.38784,80,2,0,0,-1,-1,0,67,80,13931,37,47,29,-41,78,dos,DoS
23048.90236,80,2,-1,0,-1,-1,0,67,80,13921,37,47,-49,-8,80,dos,DoS
23049.43505,80,0,0,0,0,0,0,67,80,13927,38,47,-34,-9,82,dos,DoS
23049.95175,80,2,0,0,-3,-1,0,67,80,13922,38,47,-38,-6,80,dos,DoS
23050.45688,80,2,0,0,-1,0,0,67,79,13921,39,47,-21,-14,82,dos,DoS
23050.96165,80,1,0,0,-1,-1,0,67,79,13918,39,47,-9,-11,82,dos,DoS
23051.49176,80,0,0,0,0,-1,0,67,79,13921,40,47,-4,-10,81,dos,DoS
23052.00558,80,0,-1,0,0,0,0,67,79,13916,40,47,-3,-8,81,dos,DoS
23052.53668,80,0,0,0,-1,0,7,67,81,13916,41,47,-4,-4,82,dos,DoS
23053.06706,80,0,0,0,0,0,42,67,80,13921,41,47,-4,-8,83,dos,DoS
23053.58464,80,0,0,0,0,0,72,67,81,13919,42,47,-4,-10,83,dos,DoS
23054.09969,80,0,0,0,0,0,96,67,81,13918,42,47,-4,-11,84,dos,DoS
23054.67794,80,0,0,0,0,0,132,67,82,13913,43,47,-2,-16,85,dos,DoS
23055.20481,80,0,0,0,0,0,166,67,82,13915,43,47,-4,-21,83,dos,DoS
23055.73405,80,0,0,0,0,0,177,67,81,13913,44,47,-3,-20,83,dos,DoS
23056.265,80,0,0,0,0,0,178,66,80,13911,44,47,-9,-15,82,dos,DoS
23056.79525,80,0,0,0,0,0,178,66,80,13915,45,47,-9,-13,82,dos,DoS
23057.30976,80,0,0,0,-8,0,178,67,78,13909,45,47,-9,-11,81,dos,DoS
23057.82488,70,-3,0,0,1,0,178,67,77,13913,46,47,-19,-9,79,dos,DoS
23058.3547,80,-2,0,0,-1,0,178,67,78,13912,47,47,-46,-2,76,dos,DoS
23058.88464,80,-2,0,0,-1,0,178,67,78,13918,47,47,-45,1,82,dos,DoS
23059.46269,80,-2,0,0,0,0,178,67,77,13916,48,47,36,-24,76,dos,DoS
23060.02969,80,0,0,0,3,0,178,67,76,13931,48,47,36,-24,76,dos,DoS
23060.58366,80,0,0,0,-1,4,178,67,78,13928,49,47,5,-19,78,dos,DoS
23061.1006,80,0,-1,0,0,0,178,67,79,13933,49,47,2,-13,80,dos,DoS
23061.6136,80,0,-1,0,0,0,178,67,78,13927,50,47,0,-8,80,dos,DoS
23062.13066,80,0,0,0,0,0,179,67,79,13928,50,47,-1,-3,80,dos,DoS
23062.68857,80,0,0,0,0,0,178,67,79,13929,51,47,0,-2,81,dos,DoS
23063.21896,80,-3,0,0,-8,0,178,68,81,13928,51,47,0,-3,81,dos,DoS
23063.74422,80,-2,0,0,0,0,178,68,81,13934,52,47,-23,3,81,dos,DoS
23064.27504,80,-2,0,0,-1,0,178,67,81,13937,52,47,-37,6,79,dos,DoS
23064.80447,80,-2,0,0,-1,0,178,67,79,13926,53,47,-49,12,80,dos,DoS
23065.31749,80,-2,0,0,0,0,178,67,79,13926,53,47,-35,13,78,dos,DoS
23065.85096,80,0,0,0,1,0,178,67,78,13931,54,47,-19,14,79,dos,DoS
23066.38204,80,0,0,0,-4,4,178,67,79,13935,55,47,-23,21,75,dos,DoS
23066.92758,80,-1,-1,0,0,0,178,67,80,13936,55,47,-13,6,81,dos,DoS
23067.48834,80,-1,0,0,0,-1,178,67,82,13928,56,47,-6,0,83,dos,DoS
23068.01688,80,0,0,0,0,0,178,67,81,13930,56,47,0,-1,83,dos,DoS
23068.53703,80,0,0,0,0,0,178,67,81,13934,57,47,0,-2,83,dos,DoS
23069.06134,80,0,0,0,-9,0,178,67,83,13926,57,47,-1,0,84,dos,DoS
23069.59011,80,-3,0,0,1,0,178,68,82,13925,58,47,15,-4,83,dos,DoS
23070.10573,80,-2,0,0,-1,0,178,68,83,13929,58,47,30,-5,81,dos,DoS
23070.62534,80,-2,0,0,-1,0,178,68,83,13919,59,47,47,-7,80,dos,DoS
23071.138,80,-2,0,0,-1,0,178,67,84,13919,59,47,33,-4,91,dos,DoS
23071.67787,80,-1,0,0,0,0,178,67,83,13921,60,47,30,-5,85,dos,DoS
23072.20562,80,0,0,0,0,0,178,68,82,13921,60,47,20,-9,84,dos,DoS
23072.70897,80,-1,0,0,-1,0,178,68,82,13924,61,46,21,-7,83,dos,DoS
23073.22574,80,-1,0,0,0,0,178,67,80,13918,61,46,7,-2,84,dos,DoS
23073.74043,80,0,0,0,0,0,179,67,79,13915,62,46,0,-1,82,dos,DoS
23074.27036,80,0,0,0,0,0,-167,67,79,13911,62,46,2,-2,81,dos,DoS
23074.78698,80,0,0,0,0,0,-167,67,79,13911,62,46,2,-2,81,dos,DoS
23075.3042,80,0,0,0,0,0,-167,67,79,13911,62,46,2,-2,81,dos,DoS
23075.82979,80,0,0,0,0,0,-70,67,80,13911,64,46,0,-1,82,dos,DoS
23076.33797,80,0,0,0,0,0,-42,67,79,13907,64,46,0,0,81,dos,DoS
23076.84951,80,0,0,0,0,0,-15,67,79,13906,65,45,-2,1,81,dos,DoS
23077.38076,80,0,0,0,0,0,-3,67,79,13913,66,45,0,3,81,dos,DoS
23077.90735,80,0,0,0,0,0,-1,67,79,13916,66,45,-200,-200,-200,dos,DoS
23078.42496,80,0,0,0,0,0,-1,67,79,13911,67,45,-200,-200,-200,dos,DoS
23078.95267,60,0,0,4,0,0,-1,67,63,13910,67,45,-200,-200,-200,dos,DoS
23079.4826,40,0,0,4,0,0,-1,67,38,13869,68,45,-200,-200,-200,dos,DoS
23080.0115,10,0,0,4,0,0,-1,67,10,13757,68,45,-200,-200,-200,dos,DoS
23080.54332,0,0,0,0,1,0,0,66,10,13529,69,45,-200,-200,-200,dos,DoS
23081.10286,0,0,0,0,-1,0,-1,66,10,13753,69,45,-200,-200,-200,dos,DoS
24926.08583,80,0,0,0,0,0,0,63,82,14180,7,86,-7,-4,84,dos,DoS
24926.61642,80,0,0,0,0,0,0,63,81,14184,7,86,-7,-2,84,dos,DoS
24927.1431,80,0,0,0,0,0,0,63,81,14179,8,86,-6,-3,84,dos,DoS
24927.66129,80,0,0,0,0,0,0,63,81,14185,8,86,-7,-4,84,dos,DoS
24928.17791,80,0,0,0,0,0,0,63,80,14179,9,86,-6,-3,84,dos,DoS
24928.69453,80,0,0,0,0,0,0,63,81,14182,9,86,-8,-6,84,dos,DoS
24929.22291,80,0,0,0,0,0,0,63,80,14185,10,86,-8,-7,83,dos,DoS
24929.75453,80,0,0,0,-1,0,0,63,81,14186,11,86,-9,-7,83,dos,DoS
24930.28576,80,0,0,0,0,0,0,63,80,14188,11,86,-6,-3,83,dos,DoS
24930.81585,80,0,0,0,0,0,0,63,80,14177,12,86,-3,-3,83,dos,DoS
24931.35611,70,0,0,0,0,0,0,63,81,14190,12,86,0,-7,84,dos,DoS
24931.88696,80,0,0,0,0,0,0,63,81,14191,13,86,-5,-12,84,dos,DoS
24932.41754,80,0,0,0,0,0,0,63,81,14184,13,86,-6,-11,85,dos,DoS
24932.94191,80,0,0,0,0,0,0,63,81,14181,14,86,-6,-12,84,dos,DoS
24933.46876,80,0,0,0,0,0,0,63,80,14182,14,86,-7,-16,83,dos,DoS
24933.99934,80,0,0,0,0,0,0,63,80,14176,15,86,-4,-18,83,dos,DoS
24934.52996,70,0,0,0,0,0,0,63,79,14184,15,86,-7,-19,82,dos,DoS
24935.05755,70,0,0,0,0,0,18,64,79,14178,16,86,-3,-22,82,dos,DoS
24935.60858,80,0,0,0,0,0,32,64,79,14182,16,86,0,-22,83,dos,DoS
24936.13896,70,0,0,0,0,0,25,64,79,14179,17,86,0,-23,83,dos,DoS
24936.66782,70,0,0,0,0,-1,6,63,79,14181,17,86,2,-28,82,dos,DoS
24937.2403,80,0,0,0,0,0,0,63,80,14190,18,86,-4,-26,84,dos,DoS
24937.77051,80,0,-1,0,0,-2,0,63,82,14184,19,86,0,-25,85,dos,DoS
24938.29447,80,0,-1,0,0,0,0,63,82,14188,19,86,-1,-17,85,dos,DoS
24938.81005,80,0,-1,0,0,0,0,64,82,14185,20,86,0,-7,85,dos,DoS
24939.32164,80,0,-1,0,0,0,0,64,81,14182,20,86,0,-7,85,dos,DoS
24939.85208,80,0,0,0,0,1,0,64,81,14191,21,86,1,-2,85,dos,DoS
24940.38038,80,4,0,0,0,0,0,64,82,14178,21,86,7,-6,86,dos,DoS
24940.90654,80,2,0,0,-1,-2,0,63,84,14180,22,86,33,-8,94,dos,DoS
24941.43616,80,2,0,0,-1,-2,0,63,84,14187,22,86,39,12,85,dos,DoS
24941.98542,80,2,-1,0,0,-2,0,64,84,14186,23,86,25,15,84,dos,DoS
24942.51201,80,1,-1,0,0,-2,0,64,83,14183,23,86,12,11,85,dos,DoS
24943.02613,80,0,-2,0,0,3,0,64,82,14186,24,86,5,2,85,dos,DoS
24943.5541,80,0,0,0,0,0,0,64,82,14188,24,86,3,1,84,dos,DoS
24944.08371,80,0,0,0,0,0,0,64,83,14186,25,86,1,6,84,dos,DoS
24944.61062,80,0,0,0,0,-1,0,64,82,14181,25,86,1,9,85,dos,DoS
24945.13822,80,3,0,0,-8,0,0,64,83,14179,26,86,-1,11,84,dos,DoS
24945.72799,80,2,0,0,0,0,0,64,82,14178,26,86,-34,24,78,dos,DoS
24946.25476,80,2,0,0,-1,0,0,64,82,14174,27,86,-43,24,81,dos,DoS
24946.81759,80,2,0,0,-1,-1,0,64,82,14178,28,86,-35,-1,84,dos,DoS
24947.33873,80,1,-1,0,0,-2,0,64,83,14172,28,86,-19,-1,84,dos,DoS
24947.86433,80,0,0,0,0,0,0,64,81,14177,29,86,-10,3,84,dos,DoS
24948.38783,80,1,0,0,-1,0,0,64,83,14182,29,86,-9,3,84,dos,DoS
24948.90644,80,0,0,0,0,0,0,64,82,14171,30,86,-5,0,84,dos,DoS
24949.42961,80,0,0,0,0,0,0,64,82,14172,30,86,-2,-4,84,dos,DoS
24949.95076,80,0,0,0,-5,0,0,64,84,14175,31,86,0,-7,85,dos,DoS
24950.48199,80,4,0,0,1,0,0,64,84,14175,31,86,9,-13,85,dos,DoS
24951.0076,80,2,0,0,-1,0,0,65,85,14177,32,86,33,-19,84,dos,DoS
24951.51987,80,2,0,0,-1,-1,0,65,85,14174,32,86,30,-28,90,dos,DoS
24952.05995,80,2,0,0,-1,-1,0,65,86,14179,33,86,-47,0,85,dos,DoS
24952.5847,80,1,-1,0,0,-1,0,65,86,14175,33,86,-28,-1,88,dos,DoS
24953.1073,80,0,0,0,0,0,0,64,85,14183,34,86,-17,-1,88,dos,DoS
24953.6289,80,1,0,0,-2,0,0,64,85,14176,34,86,-20,-4,87,dos,DoS
24954.15253,80,1,0,0,-1,0,0,65,83,14180,35,86,-10,-9,87,dos,DoS
24954.67812,80,0,0,0,0,0,0,65,82,14172,35,86,-4,-10,85,dos,DoS
24955.19275,70,0,0,0,0,0,0,65,80,14171,36,86,-1,-8,83,dos,DoS
24955.71884,70,0,0,0,-1,0,5,65,80,14172,36,86,-3,-8,82,dos,DoS
24956.24244,70,0,0,0,0,0,34,65,80,14171,37,86,-2,-10,83,dos,DoS
24956.74485,70,0,0,0,0,-1,65,65,79,14175,37,86,-6,-13,81,dos,DoS
24957.26453,70,0,0,0,0,0,101,64,79,14169,38,86,-3,-15,81,dos,DoS
24957.78058,70,0,0,0,0,0,132,64,79,14169,39,86,-4,-16,82,dos,DoS
24958.30152,70,0,0,0,0,0,163,65,80,14175,39,86,3,-21,82,dos,DoS
24958.81081,80,0,0,0,0,0,177,65,81,14180,40,86,-9,-23,82,dos,DoS
24959.3683,80,0,0,0,0,0,-179,65,81,14172,40,86,-8,-21,83,dos,DoS
24959.88684,80,0,0,0,0,0,-177,65,81,14180,41,86,-10,-16,84,dos,DoS
24960.41043,80,0,0,0,-8,0,-176,65,82,14178,41,86,-9,-14,83,dos,DoS
24960.9469,70,-3,0,0,2,0,-177,65,80,14178,42,86,-28,-7,84,dos,DoS
24961.47547,80,-2,0,0,0,0,-177,65,80,14186,42,86,-46,-6,82,dos,DoS
24961.9971,80,-2,0,0,0,0,-177,65,80,14176,43,86,-46,-6,82,dos,DoS
24962.51671,80,-2,0,0,0,0,-177,65,79,14180,43,86,-46,-6,82,dos,DoS
24963.0393,80,0,1,0,1,2,-177,65,80,14183,44,86,5,-13,81,dos,DoS
24963.56888,70,0,0,0,0,0,-177,65,79,14182,44,86,1,-11,80,dos,DoS
24964.07902,80,0,-1,0,0,-2,-177,65,80,14183,45,86,-1,-7,81,dos,DoS
24964.61159,80,0,0,0,0,0,-177,65,80,14182,45,86,-2,0,81,dos,DoS
24965.13519,80,0,0,0,0,-1,-177,66,79,14187,46,86,-4,3,81,dos,DoS
24965.67757,80,-3,0,0,-8,0,-177,66,79,14178,46,86,-10,8,80,dos,DoS
24966.20114,80,-2,0,0,0,0,-177,65,79,14178,47,86,-25,17,78,dos,DoS
24966.72171,80,-2,0,0,-1,0,-177,65,79,14182,47,86,-41,22,77,dos,DoS
24967.24231,80,-2,0,0,0,-1,-177,65,79,14186,48,86,-53,-16,69,dos,DoS
24967.76092,80,-1,0,0,0,-1,-177,65,79,14186,48,86,-30,-5,79,dos,DoS
24968.28583,80,-1,1,0,3,-2,-177,65,80,14185,49,86,-21,-4,80,dos,DoS
24968.80687,80,0,0,0,-1,0,-177,65,81,14186,50,86,-14,1,82,dos,DoS
24969.32947,80,-1,0,0,0,0,-177,66,81,14181,50,86,-10,-4,83,dos,DoS
24969.85088,80,-1,0,0,0,0,-177,66,81,14181,50,86,-10,-4,83,dos,DoS
24970.37492,70,0,0,0,0,0,-177,66,79,14184,51,86,-1,-8,81,dos,DoS
24970.89552,70,0,0,0,0,0,-177,65,78,14185,52,86,-1,-7,81,dos,DoS
24971.42625,70,0,0,0,0,0,-177,65,77,14183,52,86,-2,-6,80,dos,DoS
24971.95185,70,0,0,0,0,0,-177,65,76,14186,53,86,-3,-6,79,dos,DoS
24972.47245,70,0,0,0,0,-1,-177,65,76,14182,53,86,-5,-14,79,dos,DoS
24973.02526,70,-3,0,0,-8,-1,-177,65,78,14182,54,86,-4,-21,79,dos,DoS
24973.55684,70,-3,0,0,0,0,-176,65,77,14178,54,86,18,-26,77,dos,DoS
24974.08055,70,-2,0,0,0,0,-176,66,78,14191,55,86,32,-27,77,dos,DoS
24974.60665,70,-2,0,0,0,-1,-176,66,79,14182,55,86,54,-32,71,dos,DoS
24975.13028,70,-2,0,0,0,-1,-176,66,78,14185,56,86,38,19,80,dos,DoS
24975.65109,70,-2,0,0,0,-1,-176,66,78,14185,56,86,38,19,80,dos,DoS
24976.20112,70,-2,0,0,0,-1,-176,66,78,14185,56,86,38,19,80,dos,DoS
24976.72572,70,0,0,0,-1,-1,-177,66,77,14182,57,86,26,20,80,dos,DoS
24977.25012,70,0,0,0,0,0,-177,66,77,14183,58,86,29,20,81,dos,DoS
24977.8216,70,0,0,0,0,-1,-177,66,78,14184,59,86,30,21,83,dos,DoS
24978.34719,70,0,0,0,0,-1,-177,66,78,14181,59,85,15,16,90,dos,DoS
24978.8575,70,0,0,0,0,0,-177,66,78,14186,60,85,15,16,90,dos,DoS
24979.3721,70,0,0,0,0,0,-177,66,79,14184,60,85,41,24,75,dos,DoS
24979.88202,70,0,0,0,0,0,-177,66,79,14179,61,85,21,15,89,dos,DoS
24980.40662,70,-4,0,0,2,0,-177,66,80,14185,61,85,9,7,91,dos,DoS
24980.94518,80,-2,0,0,0,0,-177,66,81,14177,62,85,27,35,75,dos,DoS
24981.47752,80,-2,0,0,-1,0,-177,66,81,14181,62,85,27,35,75,dos,DoS
24981.99814,80,-2,0,0,-1,-1,-177,66,81,14182,63,85,27,35,75,dos,DoS
24982.51974,80,-1,1,0,0,-2,-176,66,80,14181,63,85,27,35,75,dos,DoS
24983.07178,70,0,0,0,1,1,-177,66,80,14183,64,85,27,35,75,dos,DoS
24983.59139,70,0,0,0,0,0,-177,66,79,14190,64,85,27,35,75,dos,DoS
24984.14245,70,0,0,0,0,-1,-177,66,79,14175,65,85,27,35,75,dos,DoS
24984.66308,70,0,0,0,-1,-1,-177,66,79,14184,65,84,27,35,75,dos,DoS
24985.194,70,0,0,0,0,-1,-177,66,80,14182,66,84,27,35,75,dos,DoS
24985.7166,70,0,0,0,-1,-1,-177,66,78,14180,66,84,-100,-100,-100,dos,DoS
24986.23672,70,0,0,0,0,0,-177,66,78,14184,67,84,-100,-100,-100,dos,DoS
24986.74543,70,0,0,0,0,0,-177,66,77,14182,68,84,-100,-100,-100,dos,DoS
24987.28798,70,0,0,0,0,0,-177,66,77,14180,68,84,-100,-100,-100,dos,DoS
24987.82752,70,0,0,0,0,0,-177,66,77,14181,69,84,-100,-100,-100,dos,DoS
24988.35413,70,0,0,0,0,-1,-177,66,77,14184,69,84,-100,-100,-100,dos,DoS
24988.89423,70,0,0,0,0,0,-177,66,76,14183,70,84,-100,-100,-100,dos,DoS
24989.42082,70,0,0,0,0,0,-177,66,77,14179,70,84,-100,-100,-100,dos,DoS
24989.93943,70,0,0,0,0,0,-177,66,77,14174,71,84,-100,-100,-100,dos,DoS
24990.46203,70,0,0,0,0,0,-177,66,76,14175,71,83,-100,-100,-100,dos,DoS
24990.97887,70,1,3,0,2,-5,-177,66,77,14177,72,83,-100,-100,-100,dos,DoS
24991.49987,70,1,2,0,0,0,-177,66,79,14176,72,83,-40,17,84,dos,DoS
24992.02104,80,0,1,0,0,0,-177,66,79,14179,73,83,-32,21,78,dos,DoS
24992.54578,70,0,1,0,0,0,-177,66,79,14181,73,83,-33,10,79,dos,DoS
24993.06738,80,0,1,0,0,-1,-177,66,78,14177,74,83,-32,9,77,dos,DoS
24993.58892,70,0,0,0,0,0,-177,66,77,14180,74,83,-30,8,77,dos,DoS
24994.11205,70,0,0,0,0,0,-161,66,76,14166,75,83,-29,12,76,dos,DoS
24994.63417,70,0,0,0,0,-1,-130,66,75,14178,75,83,-29,8,76,dos,DoS
24995.16029,70,0,0,0,0,0,-103,67,76,14187,76,83,-29,16,77,dos,DoS
24995.68439,70,0,0,0,0,0,-75,67,76,14177,76,83,-33,12,78,dos,DoS
24996.23591,70,0,0,0,0,1,-39,66,78,14178,77,83,-29,5,82,dos,DoS
24996.78645,80,0,0,0,0,0,-12,66,78,14188,78,82,-33,11,83,dos,DoS
24997.34995,70,0,0,0,0,1,-1,67,77,14190,78,82,-34,16,80,dos,DoS
24997.86956,70,0,0,0,0,1,0,67,77,14185,79,82,-200,-200,-200,dos,DoS
24998.42303,70,0,0,0,0,0,0,67,78,14188,79,82,-200,-200,-200,dos,DoS
24998.94667,70,0,0,3,0,0,0,67,68,14169,80,82,-200,-200,-200,dos,DoS
24999.47079,40,0,0,4,0,0,0,67,44,14152,80,82,-200,-200,-200,dos,DoS
25000.0021,20,0,0,4,0,0,0,67,17,14109,81,82,-200,-200,-200,dos,DoS
25000.54065,0,0,0,2,0,0,1,67,10,13763,81,81,-200,-200,-200,dos,DoS
25001.04665,0,0,0,0,0,0,4,67,10,13985,82,81,-200,-200,-200,dos,DoS
27354.87081,70,0,0,0,0,-1,0,55,86,14361,2,100,-6,-3,89,dos,DoS
27355.41697,70,0,0,0,0,0,0,55,85,14358,3,100,-7,-4,89,dos,DoS
27355.94602,70,0,0,0,-1,0,0,55,85,14360,4,100,-6,-4,88,dos,DoS
27356.47611,70,0,0,0,0,0,0,55,83,14360,4,100,-4,-2,87,dos,DoS
27357.00357,70,0,0,0,0,0,0,56,81,14363,5,100,-3,-2,86,dos,DoS
27357.52078,70,0,0,0,0,0,0,56,81,14363,5,100,-1,-2,85,dos,DoS
27358.03734,70,0,0,0,0,0,0,56,80,14363,6,100,0,-2,85,dos,DoS
27358.56813,70,0,0,0,0,0,0,56,80,14362,6,100,2,-4,85,dos,DoS
27359.09375,70,0,0,0,0,0,0,56,80,14368,7,100,3,-5,85,dos,DoS
27359.61818,70,0,0,0,0,-1,0,56,80,14363,7,100,6,-8,85,dos,DoS
27360.14554,70,0,0,0,0,-1,0,56,81,14374,8,100,2,-7,85,dos,DoS
27360.66319,70,0,0,0,0,-1,0,57,81,14369,8,100,4,-8,86,dos,DoS
27361.19076,70,0,0,0,0,-1,0,57,82,14366,9,100,5,-10,86,dos,DoS
27361.70016,70,0,0,0,-4,0,0,57,83,14372,9,100,6,-10,87,dos,DoS
27362.21505,70,4,0,0,1,-1,0,57,82,14366,10,100,22,-15,85,dos,DoS
27362.73266,70,2,0,0,0,-1,0,57,82,14361,10,100,40,-14,91,dos,DoS
27363.26727,70,2,0,0,-1,-1,0,57,80,14363,11,100,33,5,80,dos,DoS
27363.79519,70,1,-1,0,0,-2,0,57,79,14360,11,100,8,3,82,dos,DoS
27364.32507,70,0,0,0,0,1,0,57,79,14363,12,100,1,3,81,dos,DoS
27364.85082,70,0,0,0,0,0,0,58,79,14369,13,100,-5,5,82,dos,DoS
27365.3721,70,0,0,0,0,0,0,58,79,14369,13,100,-8,8,82,dos,DoS
27365.89921,70,3,0,0,-8,0,0,58,81,14369,14,100,-14,8,83,dos,DoS
27366.42589,70,3,0,0,0,0,0,58,79,14374,14,100,-41,16,79,dos,DoS
27366.94448,70,2,0,0,-1,-1,0,58,79,14363,15,100,-38,-3,80,dos,DoS
27367.46271,70,2,0,0,0,-1,0,58,78,14372,15,100,-32,1,79,dos,DoS
27367.98998,70,2,0,0,0,-1,0,58,78,14372,15,100,-32,1,79,dos,DoS
27368.51659,70,2,0,0,0,-1,0,58,78,14372,15,100,-32,1,79,dos,DoS
27369.04318,70,2,0,0,0,-1,0,58,78,14372,15,100,-32,1,79,dos,DoS
27369.5608,70,2,0,0,0,-1,0,58,78,14372,15,100,-32,1,79,dos,DoS
27370.07218,70,0,0,0,0,-1,0,58,81,14380,18,100,15,-10,83,dos,DoS
27370.58181,70,0,0,0,0,-1,0,59,81,14378,18,100,21,-14,82,dos,DoS
27371.11545,70,0,0,0,0,-1,0,59,82,14379,19,100,20,-13,83,dos,DoS
27371.64561,70,0,0,0,0,0,0,59,82,14379,19,100,22,-13,83,dos,DoS
27372.17217,70,0,0,0,0,-1,0,59,82,14381,20,100,25,-14,83,dos,DoS
27372.70132,70,0,0,0,-3,0,0,59,82,14386,20,100,25,-17,83,dos,DoS
27373.20236,70,4,0,0,-3,0,0,59,82,14379,21,100,33,-15,84,dos,DoS
27373.73314,70,4,0,0,-3,0,0,59,82,14379,21,100,33,-15,84,dos,DoS
27374.26372,70,2,0,0,0,-2,0,59,81,14382,22,100,-10,-12,85,dos,DoS
27374.7918,70,1,-1,0,2,-2,0,58,81,14386,22,100,5,-14,84,dos,DoS
27375.32183,70,0,-2,0,0,0,0,58,82,14383,23,100,15,-12,84,dos,DoS
27375.83047,70,-1,0,0,1,-1,0,60,83,14385,23,100,25,-10,82,dos,DoS
27376.38,70,-1,-1,0,0,0,0,60,83,14386,24,100,20,-10,85,dos,DoS
27376.90536,70,0,0,0,-1,1,0,59,83,14380,24,100,14,-8,87,dos,DoS
27377.42896,70,0,0,0,0,-1,0,59,82,14388,25,100,24,-13,83,dos,DoS
27377.94957,70,0,0,0,0,-1,0,60,82,14388,26,100,30,-20,80,dos,DoS
27378.47467,70,0,0,0,0,-1,0,60,83,14387,26,100,30,-20,80,dos,DoS
27379.00179,70,0,0,0,0,-1,0,60,84,14372,27,100,33,-29,79,dos,DoS
27379.52542,70,0,0,0,0,-1,0,60,83,14388,27,100,33,-30,80,dos,DoS
27380.04596,70,2,0,0,-8,0,0,60,85,14374,28,100,35,-28,80,dos,DoS
27380.56258,70,3,0,0,0,-1,0,60,83,14382,28,100,44,-35,81,dos,DoS
27381.07405,70,2,0,0,0,-1,0,60,83,14382,28,100,44,-35,81,dos,DoS
27381.59865,70,2,0,0,0,-1,0,60,81,14380,29,100,44,-35,81,dos,DoS
27382.13721,70,1,-1,0,0,-2,0,60,81,14375,30,100,44,-35,81,dos,DoS
27382.6618,70,0,-1,0,0,3,0,61,81,14381,30,100,44,-35,81,dos,DoS
27383.17677,70,0,0,0,4,-2,0,61,81,14387,31,100,44,-35,81,dos,DoS
27383.71817,70,-4,-1,0,1,-1,0,60,81,14377,31,100,44,-35,81,dos,DoS
27384.2428,60,-4,-1,0,1,-1,0,60,81,14381,32,100,44,-35,81,dos,DoS
27384.79433,60,-4,-2,0,1,-2,0,61,82,14378,32,100,-100,-100,-100,dos,DoS
27385.31739,60,-3,-2,0,0,0,0,61,83,14383,33,100,41,-30,80,dos,DoS
27385.85291,60,-1,-1,0,-1,0,0,61,82,14385,34,100,22,-21,83,dos,DoS
27386.37851,60,-1,-1,0,0,0,0,61,82,14385,34,100,19,-17,83,dos,DoS
27386.90402,60,0,-1,0,0,-1,0,61,79,14381,34,100,10,-12,83,dos,DoS
27387.41277,60,0,-1,0,0,-1,0,61,78,14377,35,100,6,-10,82,dos,DoS
27387.95033,60,0,-1,0,0,-1,0,61,79,14375,36,100,7,-9,81,dos,DoS
27388.47261,60,0,-1,0,0,-1,0,61,78,14381,36,100,7,-8,81,dos,DoS
27388.99533,60,0,0,0,0,0,0,61,79,14385,37,100,5,-5,82,dos,DoS
27389.52089,60,0,0,0,0,-1,0,61,79,14381,37,100,5,-8,82,dos,DoS
27390.07731,60,0,0,0,-8,0,0,61,80,14388,38,100,12,-12,82,dos,DoS
27390.59991,60,3,0,0,1,-1,0,61,80,14383,38,100,23,-22,80,dos,DoS
27391.1285,60,2,0,0,-1,-1,0,61,80,14380,39,100,38,-28,78,dos,DoS
27391.66148,60,2,0,0,-1,-1,0,61,80,14388,39,100,56,-30,72,dos,DoS
27392.21001,60,2,-1,0,0,-2,0,61,79,14380,40,100,56,-30,72,dos,DoS
27392.7386,60,0,-2,0,1,0,0,61,79,14379,40,100,56,-30,72,dos,DoS
27393.24604,60,0,0,0,0,0,0,61,79,14383,41,100,56,-30,72,dos,DoS
27393.77443,60,-4,-1,0,2,-1,0,62,80,14385,41,100,56,-30,72,dos,DoS
27394.30302,70,-4,-1,0,1,-1,0,62,79,14386,42,100,56,-30,72,dos,DoS
27394.83071,70,-4,-1,0,1,-1,0,62,79,14386,42,100,56,-30,72,dos,DoS
27395.35987,70,-2,-1,0,-1,0,0,62,79,14388,43,100,23,-18,77,dos,DoS
27395.88247,70,-1,-1,0,0,0,0,62,79,14383,43,100,4,-8,82,dos,DoS
27396.38911,70,0,-1,0,-1,-1,0,62,79,14386,44,100,1,-5,82,dos,DoS
27396.89733,70,0,0,0,0,1,0,62,79,14387,45,100,0,-4,82,dos,DoS
27397.41793,70,0,0,0,0,0,22,62,81,14391,45,100,2,-6,84,dos,DoS
27397.93955,70,0,0,0,0,0,52,63,81,14390,46,100,5,-8,84,dos,DoS
27398.45958,70,0,0,0,0,0,82,63,81,14391,46,100,11,-11,84,dos,DoS
27398.97904,70,0,0,0,0,0,118,62,81,14387,47,100,11,-19,83,dos,DoS
27399.50391,70,0,0,0,0,0,143,62,82,14388,47,100,21,-18,80,dos,DoS
27400.00708,70,0,0,0,0,1,168,63,82,14390,48,100,8,-26,82,dos,DoS
27400.53025,70,0,0,0,0,1,175,63,82,14391,48,100,9,-23,83,dos,DoS
27401.0551,70,0,0,0,0,0,178,63,83,14393,49,100,0,-18,85,dos,DoS
27401.57721,70,0,0,0,0,0,178,63,84,14394,49,100,0,-14,86,dos,DoS
27402.09882,70,0,0,0,0,0,178,63,85,14397,50,100,-1,-10,87,dos,DoS
27402.61832,70,0,0,0,0,0,178,63,84,14388,50,100,0,-11,87,dos,DoS
27403.17484,70,0,0,0,0,0,178,63,83,14388,51,100,0,-10,87,dos,DoS
27403.69691,70,0,0,0,0,0,178,63,83,14393,51,100,2,-9,86,dos,DoS
27404.22393,70,0,0,0,0,0,-171,62,82,14396,52,100,2,-7,85,dos,DoS
27404.74834,70,0,0,0,0,0,-140,62,81,14397,52,100,1,-4,84,dos,DoS
27405.26595,70,0,0,0,0,0,-110,63,81,14397,53,100,3,0,84,dos,DoS
27405.80702,70,0,0,0,0,0,-80,63,82,14397,53,100,8,3,84,dos,DoS
27406.33489,70,0,0,0,0,0,-80,63,82,14397,53,100,8,3,84,dos,DoS
27406.87495,70,0,0,0,0,0,-27,63,83,14394,54,100,3,4,85,dos,DoS
27407.39516,70,0,0,0,0,0,-5,63,80,14388,55,100,6,6,84,dos,DoS
27407.9173,70,0,0,0,0,0,-3,63,80,14397,56,100,10,-1,83,dos,DoS
27408.43906,70,0,0,0,0,0,-3,63,81,14394,56,100,6,-2,84,dos,DoS
27408.96221,70,0,0,0,0,0,-3,63,81,14394,57,100,6,-3,84,dos,DoS
27409.48149,70,4,0,0,1,0,-3,63,81,14388,57,100,16,-7,84,dos,DoS
27410.01899,70,2,0,0,0,0,-3,64,82,14391,58,100,30,-9,85,dos,DoS
27410.54081,70,2,0,0,0,0,-3,64,82,14390,58,100,47,-19,83,dos,DoS
27411.0683,70,2,0,0,0,0,-3,64,82,14390,58,100,47,-19,83,dos,DoS
27411.59477,70,2,-1,0,0,0,-3,63,82,14393,59,100,47,-19,83,dos,DoS
27412.12417,70,2,-1,0,0,0,-3,63,82,14393,59,100,47,-19,83,dos,DoS
27412.6498,70,0,0,0,0,0,-3,63,83,14401,60,100,47,-19,83,dos,DoS
27413.17067,70,0,0,0,0,-1,-3,63,84,14394,61,100,47,-19,83,dos,DoS
27413.70731,70,0,0,0,0,-1,-3,63,83,14396,61,100,47,-19,83,dos,DoS
27414.24548,70,0,0,0,0,-1,-3,63,83,14391,62,100,47,-19,83,dos,DoS
27414.76873,70,0,0,0,0,-1,-3,63,82,14394,62,100,-100,-100,-100,dos,DoS
27415.28713,70,0,0,0,0,-1,-3,64,83,14391,63,100,-100,-100,-100,dos,DoS
27415.80767,70,0,0,0,0,-1,-3,64,83,14394,64,100,-100,-100,-100,dos,DoS
27416.3306,70,3,0,0,-8,0,-3,63,84,14388,64,100,-100,-100,-100,dos,DoS
27416.83909,70,2,0,0,0,-1,-3,63,83,14393,65,100,-100,-100,-100,dos,DoS
27417.36122,70,2,0,0,0,-1,-3,64,84,14391,65,100,-100,-100,-100,dos,DoS
27417.88447,70,2,0,0,0,-1,-3,64,84,14393,66,100,-100,-100,-100,dos,DoS
27418.40863,70,1,-1,0,0,-2,-3,64,84,14393,66,100,-100,-100,-100,dos,DoS
27418.92537,70,1,-1,0,-1,-1,-3,64,85,14391,67,100,-100,-100,-100,dos,DoS
27419.43304,70,1,-1,0,0,-1,-3,64,84,14394,67,100,-100,-100,-100,dos,DoS
27419.95582,70,0,0,0,0,0,-3,63,83,14388,68,100,-100,-100,-100,dos,DoS
27420.4916,70,0,0,0,0,0,-3,63,82,14391,68,100,-100,-100,-100,dos,DoS
27421.01457,70,0,0,0,0,-1,-3,64,81,14391,69,100,-100,-100,-100,dos,DoS
27421.55341,70,0,0,0,0,-1,-3,64,81,14387,69,100,-100,-100,-100,dos,DoS
27422.07764,60,0,0,0,0,0,-3,64,80,14390,70,100,-100,-100,-100,dos,DoS
27422.60594,70,0,0,0,0,0,-3,64,81,14388,70,100,-100,-100,-100,dos,DoS
27423.11405,70,0,0,0,0,0,-3,64,81,14388,71,100,-100,-100,-100,dos,DoS
27423.67788,60,0,0,0,0,0,-3,64,79,14396,71,99,-100,-100,-100,dos,DoS
27424.21459,60,0,0,0,-1,0,-3,64,79,14387,72,99,-100,-100,-100,dos,DoS
27424.75478,60,0,0,0,0,0,-3,64,79,14391,72,99,-100,-100,-100,dos,DoS
27425.29158,60,0,0,0,0,0,-3,64,79,14397,73,98,-100,-100,-100,dos,DoS
27425.81525,60,0,0,0,0,0,-3,64,80,14394,73,98,-100,-100,-100,dos,DoS
27426.39598,60,0,0,0,0,0,-3,64,79,14390,74,98,-100,-100,-100,dos,DoS
27524.21019,60,0,0,0,0,0,0,67,86,14424,9,87,-14,-14,88,dos,DoS
27524.73503,60,0,0,0,0,0,0,66,87,14426,9,87,-15,-13,89,dos,DoS
27525.2502,60,0,0,0,0,0,0,66,87,14424,10,87,-16,-13,89,dos,DoS
27525.77548,60,0,0,0,-3,-2,0,66,87,14426,10,87,-17,-13,89,dos,DoS
27526.28671,60,1,-1,0,0,0,0,66,84,14421,11,87,-12,-14,86,dos,DoS
27526.7882,60,0,-1,0,-1,-1,0,66,82,14418,11,87,-10,-11,85,dos,DoS
27527.30021,60,0,-1,0,0,0,0,66,80,14422,12,87,-8,-6,83,dos,DoS
27527.82937,60,0,0,0,0,2,0,67,78,14416,12,87,-5,-6,82,dos,DoS
27528.35703,60,0,0,0,-1,0,0,67,79,14416,13,87,-7,-9,81,dos,DoS
27528.88549,60,0,0,0,-1,0,0,67,78,14419,13,87,-13,-16,80,dos,DoS
27529.40228,60,0,0,0,0,0,0,67,79,14424,14,87,-12,-20,81,dos,DoS
27529.93015,60,0,0,0,0,-1,0,66,80,14410,14,87,-17,-24,81,dos,DoS
27530.46057,60,0,0,0,-1,-1,0,66,81,14421,15,87,-17,-25,82,dos,DoS
27531.00099,60,0,0,0,-5,0,0,66,82,14422,15,87,-15,-24,84,dos,DoS
27531.54321,60,4,0,0,0,0,0,66,81,14415,16,87,-7,-26,84,dos,DoS
27532.06621,60,2,0,0,-1,0,0,66,81,14421,16,87,7,-13,92,dos,DoS
27532.59378,60,2,0,0,-1,0,0,66,82,14424,17,87,7,-13,92,dos,DoS
27533.12488,60,2,0,0,-1,-1,0,66,83,14419,17,87,7,-13,92,dos,DoS
27533.65182,60,2,0,0,-1,-1,0,67,83,14418,18,87,60,15,79,dos,DoS
27534.17748,60,1,-1,0,-1,-1,0,67,83,14408,18,87,42,27,84,dos,DoS
27534.69377,60,0,-1,0,1,4,0,66,82,14418,19,87,34,27,81,dos,DoS
27535.22537,60,1,-1,0,-7,-5,0,66,83,14421,20,87,26,-7,89,dos,DoS
27535.75352,60,2,-1,0,-1,0,0,66,81,14422,20,87,26,23,81,dos,DoS
27536.27655,60,1,-1,0,0,0,0,66,80,14422,21,87,11,15,81,dos,DoS
27536.80459,60,0,-1,0,-1,0,0,66,79,14413,21,87,4,9,81,dos,DoS
27537.33346,60,0,-1,0,0,0,0,66,79,14422,22,87,2,7,81,dos,DoS
27537.85729,60,0,0,0,0,1,0,67,79,14416,22,87,2,7,81,dos,DoS
27538.3593,60,0,0,0,-1,0,0,67,80,14419,23,87,5,9,81,dos,DoS
27538.88555,60,1,0,0,-8,0,0,67,82,14419,23,87,7,13,81,dos,DoS
27539.41811,60,3,0,0,0,0,0,67,81,14422,24,87,-1,17,82,dos,DoS
27539.97822,60,2,0,0,-1,0,0,67,81,14416,24,87,-23,27,79,dos,DoS
27540.49022,60,2,0,0,-1,0,0,67,80,14416,25,87,-36,38,75,dos,DoS
27541.04618,60,2,0,0,-1,-1,0,67,79,14419,25,87,-45,36,74,dos,DoS
27541.57534,60,2,-1,0,-1,-1,0,67,78,14413,26,87,-35,-11,79,dos,DoS
27542.08347,60,1,-1,0,2,2,0,67,77,14413,26,87,-28,-2,77,dos,DoS
27542.65834,60,0,0,0,-5,0,0,67,76,14410,27,87,-28,-2,75,dos,DoS
27543.18186,60,2,0,0,-1,0,0,67,77,14416,27,87,-26,-8,75,dos,DoS
27543.70406,60,1,0,0,-1,0,0,67,79,14421,28,87,-13,-12,79,dos,DoS
27544.2257,60,1,0,0,-1,-1,0,67,79,14419,29,87,-8,-9,80,dos,DoS
27544.74494,60,0,-1,0,0,0,0,67,79,14416,29,87,-4,-6,80,dos,DoS
27545.27146,60,0,0,0,0,1,0,67,79,14419,30,87,-5,-6,80,dos,DoS
27545.80274,60,0,0,0,-1,0,0,67,79,14419,30,87,-6,-6,80,dos,DoS
27546.31688,60,0,0,0,-1,0,0,67,79,14415,31,87,-5,-7,80,dos,DoS
27546.85313,60,4,0,0,0,0,0,66,80,14416,31,87,1,-12,81,dos,DoS
27547.37046,60,2,0,0,-1,-1,0,66,80,14419,32,87,20,-20,79,dos,DoS
27547.88866,60,2,0,0,-1,0,0,67,79,14419,32,87,27,-27,80,dos,DoS
27548.44221,60,2,0,0,-1,-1,0,67,79,14415,33,87,30,-32,82,dos,DoS
27548.96595,60,2,0,0,-1,-1,0,67,79,14418,33,87,-51,-1,76,dos,DoS
27549.49145,60,1,-1,0,2,1,0,67,79,14413,34,87,-43,-1,78,dos,DoS
27549.9971,60,0,0,0,0,0,0,67,79,14411,34,87,-33,-4,80,dos,DoS
27550.52124,60,2,0,0,-1,0,0,67,79,14419,35,87,-28,-4,82,dos,DoS
27551.04435,60,1,0,0,-1,0,0,67,80,14413,35,87,-16,-11,81,dos,DoS
27551.56695,60,1,0,0,-1,-1,0,67,80,14412,36,87,-7,-10,82,dos,DoS
27552.08756,60,0,0,0,-1,0,0,67,79,14422,36,87,-3,-6,81,dos,DoS
27552.61812,60,0,0,0,-1,0,1,67,79,14430,37,87,-2,-5,81,dos,DoS
27553.14746,60,0,0,0,-1,0,30,67,80,14422,37,87,-5,-6,81,dos,DoS
27553.68504,60,0,0,0,0,-1,67,67,80,14426,38,87,-4,-8,82,dos,DoS
27554.20914,60,0,0,0,0,0,96,67,81,14425,39,87,-4,-8,84,dos,DoS
27554.7113,60,0,0,0,0,0,125,67,82,14421,39,87,-2,-11,84,dos,DoS
27555.2349,60,0,0,0,0,0,155,67,81,14419,40,87,-9,-17,82,dos,DoS
27555.77503,60,0,0,0,0,0,174,67,79,14419,40,87,-9,-18,82,dos,DoS
27556.29848,60,0,0,0,1,0,178,67,79,14422,41,87,-7,-17,81,dos,DoS
27556.81672,60,0,0,0,0,0,179,67,80,14421,41,87,-8,-12,82,dos,DoS
27557.34072,60,0,0,0,0,0,179,67,80,14425,42,87,-5,-12,82,dos,DoS
27557.85765,60,0,0,0,0,0,-156,67,80,14424,42,87,-6,-11,83,dos,DoS
27558.38478,60,0,0,0,0,0,-149,67,80,14430,43,87,-6,-11,82,dos,DoS
27558.90672,60,0,0,0,0,0,-160,67,80,14422,43,87,-7,-9,82,dos,DoS
27559.41311,60,0,0,0,0,0,-179,67,81,14421,44,87,-4,-9,82,dos,DoS
27559.92988,60,0,0,0,0,0,179,67,81,14419,44,87,-3,-8,83,dos,DoS
27560.43974,60,0,-1,0,0,1,179,67,82,14421,45,87,-2,-10,83,dos,DoS
27560.9498,60,0,0,0,0,0,178,66,82,14416,45,87,-3,-7,84,dos,DoS
27561.46993,60,-2,0,0,-8,0,178,66,82,14415,46,87,-5,-7,82,dos,DoS
27561.97484,60,-2,0,0,0,0,178,66,81,14418,46,87,-22,0,83,dos,DoS
27562.49384,60,-2,0,0,-1,0,178,66,81,14416,47,87,-34,2,83,dos,DoS
27563.0137,60,-2,0,0,-1,0,178,67,81,14416,47,87,-51,8,80,dos,DoS
27563.53826,60,-2,0,0,-1,0,178,67,81,14418,48,87,-51,8,80,dos,DoS
27564.06734,60,-2,0,0,3,0,178,67,81,14416,48,87,-51,8,80,dos,DoS
27564.6149,60,0,0,0,0,0,178,67,80,14419,49,87,20,-18,80,dos,DoS
27565.13551,60,-1,-1,0,0,0,178,67,81,14422,50,86,13,-23,80,dos,DoS
27565.64489,60,-1,-1,0,0,0,178,67,79,14424,50,86,5,-8,81,dos,DoS
27566.18444,60,-1,0,0,0,0,179,67,78,14421,51,86,3,-3,80,dos,DoS
27566.70907,60,0,0,0,1,0,178,67,77,14416,51,86,2,0,78,dos,DoS
27567.22941,60,0,0,0,0,0,178,67,76,14419,52,86,-1,-2,78,dos,DoS
27567.75351,60,0,0,0,0,0,178,67,76,14416,52,86,-2,-3,78,dos,DoS
27568.27614,50,0,0,0,-1,0,179,67,76,14412,53,86,7,0,78,dos,DoS
27568.7975,50,0,0,0,-1,0,179,67,76,14422,53,86,9,0,77,dos,DoS
27569.32309,60,0,0,0,-1,0,179,67,77,14418,54,86,-1,4,78,dos,DoS
27569.84479,60,0,0,0,0,0,179,67,77,14415,54,86,7,0,79,dos,DoS
27570.34992,60,0,0,0,0,0,179,67,77,14419,55,86,6,-1,79,dos,DoS
27570.86653,60,0,0,0,0,0,179,67,77,14426,55,86,3,0,79,dos,DoS
27571.39413,60,0,0,0,0,0,179,67,77,14419,56,86,7,-1,78,dos,DoS
27571.91666,60,0,0,0,0,0,179,67,77,14418,56,86,7,-1,78,dos,DoS
27572.43527,60,0,0,0,0,0,179,67,77,14422,57,86,6,-1,79,dos,DoS
27572.94521,60,0,0,0,0,0,179,67,77,14432,57,86,6,-2,79,dos,DoS
27573.46781,60,0,0,0,0,0,178,67,78,14421,58,86,2,-1,79,dos,DoS
27573.98892,60,0,0,0,0,0,178,67,78,14419,58,86,6,0,80,dos,DoS
27574.51179,60,0,0,0,0,0,179,67,77,14428,59,85,6,0,80,dos,DoS
27575.02972,60,0,0,0,0,0,179,67,77,14427,59,85,5,0,79,dos,DoS
27575.57426,60,-3,0,0,1,0,178,67,78,14425,60,85,-5,-1,78,dos,DoS
27576.09497,60,-2,0,0,-1,0,178,67,78,14422,60,85,-21,0,78,dos,DoS
27576.61508,60,-2,0,0,-1,0,178,67,79,14421,61,85,-31,4,78,dos,DoS
27577.11987,60,-2,0,0,-1,0,178,67,78,14421,62,85,-42,7,78,dos,DoS
27577.63051,60,-2,0,0,-1,0,178,67,78,14431,62,85,-38,18,76,dos,DoS
27578.15012,60,0,0,0,0,0,178,67,78,14435,62,85,-32,25,73,dos,DoS
27578.68469,60,-2,-1,0,-3,2,178,67,79,14434,63,85,-28,16,80,dos,DoS
27579.22171,60,-2,0,0,0,0,179,68,80,14425,64,85,-19,15,78,dos,DoS
27579.74439,60,-1,0,0,0,0,179,68,81,14428,64,85,-6,2,82,dos,DoS
27580.2698,60,0,0,0,0,0,179,68,79,14428,65,84,-2,2,82,dos,DoS
27580.79633,60,0,0,0,0,0,178,68,79,14434,65,84,-2,2,81,dos,DoS
27581.31646,60,0,0,0,0,0,178,67,79,14433,66,84,-2,3,81,dos,DoS
27581.84358,60,-4,0,0,-6,0,178,67,81,14428,66,84,-2,3,81,dos,DoS
27582.3497,60,-2,0,0,0,0,179,68,80,14430,67,84,14,0,81,dos,DoS
27582.86333,60,-2,0,0,-1,0,179,68,78,14436,67,84,26,0,79,dos,DoS
27583.38622,60,-2,0,0,-1,0,179,68,77,14432,68,84,41,0,76,dos,DoS
27583.90988,60,-2,0,0,-1,0,179,68,76,14427,68,84,50,0,75,dos,DoS
27584.45033,60,-1,0,0,0,0,179,68,75,14430,69,84,27,-12,80,dos,DoS
27584.97293,60,0,0,0,0,0,179,68,76,14433,69,84,23,-13,79,dos,DoS
27585.49478,60,-1,0,0,-1,0,179,68,77,14430,70,84,21,-10,80,dos,DoS
27586.0149,60,-1,0,0,0,0,179,68,78,14437,70,84,7,-6,81,dos,DoS
27586.53402,60,0,0,0,0,0,179,68,78,14437,71,83,0,-3,81,dos,DoS
27587.05704,60,0,0,0,0,0,-161,67,79,14430,71,83,0,-1,82,dos,DoS
27587.57569,60,0,0,0,0,0,-149,67,79,14433,72,83,2,-3,81,dos,DoS
27588.11528,60,0,0,0,0,0,-100,68,79,14434,72,83,0,0,81,dos,DoS
27588.63985,60,0,0,0,0,0,-61,68,78,14444,73,83,2,-2,81,dos,DoS
27589.16318,60,0,0,0,0,0,-31,68,79,14438,74,83,3,-1,81,dos,DoS
27589.71008,60,0,0,0,0,0,-10,68,80,14438,74,83,1,0,82,dos,DoS
27590.21071,60,0,0,0,0,0,-3,67,80,14429,75,83,3,1,82,dos,DoS
27590.73329,60,0,0,0,0,0,-2,67,81,14433,75,83,-200,-200,-200,dos,DoS
27591.2499,60,0,0,0,0,0,-2,67,82,14435,76,83,-200,-200,-200,dos,DoS
27591.75476,50,0,0,3,0,0,-2,67,73,14441,76,83,-200,-200,-200,dos,DoS
27592.33991,30,0,0,4,0,0,-2,67,50,14415,77,82,-200,-200,-200,dos,DoS
27592.87547,10,0,0,4,0,0,-2,67,23,14377,77,82,-200,-200,-200,dos,DoS
27593.42886,-10,0,0,3,0,0,-2,68,10,14087,78,82,-200,-200,-200,dos,DoS
27593.96619,-10,-1,0,0,-1,0,-3,68,10,14177,78,82,-200,-200,-200,dos,DoS
27594.49976,0,-1,0,0,-1,0,-3,67,10,14305,79,82,-200,-200,-200,dos,DoS
27656.14481,70,0,0,0,-1,0,0,67,83,14436,9,77,-10,-2,86,dos,DoS
27656.66242,70,0,0,0,-1,0,0,67,83,14435,9,77,-10,-6,85,dos,DoS
27657.18852,70,0,0,0,0,0,0,66,82,14433,10,77,-10,-4,85,dos,DoS
27657.74705,70,0,0,0,0,0,0,66,82,14438,11,77,-10,-5,84,dos,DoS
27658.27215,70,0,0,0,0,0,0,66,83,14427,11,77,-11,-5,85,dos,DoS
27658.7948,70,0,0,0,0,0,0,66,83,14434,12,77,-11,-7,85,dos,DoS
27659.32497,70,0,0,0,0,0,0,66,83,14435,12,77,-7,-7,86,dos,DoS
27659.84059,70,0,0,0,-2,-1,0,66,83,14429,13,77,-10,-8,85,dos,DoS
27660.36618,60,0,0,0,-1,0,0,66,81,14435,13,77,-3,-4,84,dos,DoS
27660.8949,60,0,0,0,0,0,0,66,81,14432,14,77,-6,-5,84,dos,DoS
27661.41152,60,0,0,0,0,0,0,66,81,14436,14,77,-7,-5,84,dos,DoS
27661.96837,70,0,0,0,0,0,0,66,83,14432,15,77,-7,-5,85,dos,DoS
27662.49448,70,0,0,0,0,0,0,66,83,14444,15,77,-6,-8,86,dos,DoS
27663.02008,70,0,0,0,0,0,0,67,83,14435,16,77,-9,-9,86,dos,DoS
27663.5372,70,0,0,0,0,0,0,67,83,14432,16,77,-6,-12,86,dos,DoS
27664.06068,70,0,0,0,0,0,0,66,82,14446,17,77,-10,-14,84,dos,DoS
27664.62072,70,0,0,0,0,0,0,66,82,14441,17,77,-9,-11,85,dos,DoS
27665.14555,60,4,0,0,-2,0,0,67,82,14432,18,77,-2,-14,85,dos,DoS
27665.67462,60,2,0,0,-1,0,0,67,82,14438,18,77,10,-16,86,dos,DoS
27666.20022,70,2,0,0,-1,-1,0,67,82,14436,19,77,29,-23,85,dos,DoS
27666.72498,70,2,0,0,-1,-1,0,67,83,14437,20,77,38,-16,91,dos,DoS
27667.24974,70,1,0,0,-1,-1,0,66,82,14434,20,77,55,-33,75,dos,DoS
27667.77733,70,1,-1,0,-1,-1,0,66,82,14431,21,77,38,10,80,dos,DoS
27668.29993,70,0,0,0,0,0,0,66,81,14438,21,77,32,8,80,dos,DoS
27668.81216,60,0,0,0,-8,-1,0,66,82,14435,22,77,31,11,81,dos,DoS
27669.3198,60,2,0,0,-1,-1,0,67,81,14437,22,77,23,10,81,dos,DoS
27669.85569,60,1,0,0,0,0,0,67,80,14435,23,77,8,8,82,dos,DoS
27670.38072,60,0,0,0,0,0,0,67,80,14432,23,77,3,7,82,dos,DoS
27670.93625,60,0,0,0,0,0,0,67,80,14441,24,77,1,6,82,dos,DoS
27671.46415,60,0,0,0,0,0,0,67,81,14443,24,77,3,5,82,dos,DoS
27671.97292,60,0,0,0,-1,0,0,67,81,14440,25,77,5,8,83,dos,DoS
27672.49662,60,2,0,0,-8,0,0,67,83,14446,25,77,13,13,83,dos,DoS
27673.02022,70,2,0,0,0,0,0,66,84,14437,26,77,-7,16,84,dos,DoS
27673.53936,70,2,0,0,-1,-1,0,66,83,14440,26,77,-19,22,82,dos,DoS
27674.09387,60,2,0,0,-2,-1,0,67,81,14436,27,77,-34,27,77,dos,DoS
